timestamp,traffic
datetime,float
,
2015-02-02 18:10:00,45.0
2015-02-02 18:15:00,38.0
2015-02-02 18:20:00,48.714285714285715
2015-02-02 18:25:00,77.0
2015-02-02 18:30:00,57.0
2015-02-02 18:35:00,73.125
2015-02-02 18:40:00,68.75
2015-02-02 18:45:00,44.0
2015-02-02 18:50:00,82.0
2015-02-02 18:55:00,53.666666666666664
2015-02-02 19:00:00,59.5
2015-02-02 19:05:00,54.0
2015-02-02 19:10:00,56.444444444444443
2015-02-02 19:15:00,57.555555555555557
2015-02-02 19:20:00,58.0
2015-02-02 19:25:00,79.0
2015-02-02 19:30:00,42.533333333333331
2015-02-02 19:35:00,50.200000000000003
2015-02-02 19:40:00,57.866666666666667
2015-02-02 19:45:00,63.549999999999997
2015-02-02 19:50:00,61.299999999999997
2015-02-02 19:55:00,59.049999999999997
2015-02-02 20:00:00,56.799999999999997
2015-02-02 20:05:00,55.666666666666664
2015-02-02 20:10:00,61.5
2015-02-02 20:15:00,56.600000000000001
2015-02-02 20:20:00,55.0
2015-02-02 20:25:00,70.5
2015-02-02 20:30:00,50.0
2015-02-02 20:35:00,58.0
2015-02-02 20:40:00,51.700000000000003
2015-02-02 20:45:00,60.200000000000003
2015-02-02 20:50:00,64.0
2015-02-02 20:55:00,50.81818181818182
2015-02-02 21:00:00,44.909090909090907
2015-02-02 21:05:00,39.0
2015-02-02 21:10:00,48.0
2015-02-02 21:15:00,39.5
2015-02-02 21:20:00,58.75
2015-02-02 21:25:00,72.0
2015-02-02 21:30:00,59.25
2015-02-02 21:35:00,50.0
2015-02-02 21:40:00,45.5
2015-02-02 21:45:00,37.0
2015-02-02 21:50:00,72.333333333333329
2015-02-02 21:55:00,70.714285714285708
2015-02-02 22:00:00,69.285714285714292
2015-02-02 22:05:00,67.857142857142861
2015-02-02 22:10:00,63.0
2015-02-02 22:15:00,46.600000000000001
2015-02-02 22:20:00,36.5
2015-02-02 22:25:00,57.5
2015-02-02 22:30:00,75.0
2015-02-02 22:35:00,81.0
2015-02-02 22:40:00,91.0
2015-02-02 22:45:00,69.0
2015-02-02 22:50:00,61.5
2015-02-02 22:55:00,54.0
2015-02-02 23:00:00,46.0
2015-02-02 23:05:00,34.0
2015-02-02 23:10:00,51.571428571428569
2015-02-02 23:15:00,59.428571428571431
2015-02-02 23:20:00,50.600000000000001
2015-02-02 23:25:00,37.599999999999994
2015-02-02 23:30:00,40.0
2015-02-02 23:35:00,63.200000000000003
2015-02-02 23:40:00,50.200000000000003
2015-02-02 23:45:00,57.0
2015-02-02 23:50:00,65.599999999999994
2015-02-02 23:55:00,70.0
2015-02-03 00:00:00,46.899999999999999
2015-02-03 00:05:00,46.399999999999999
2015-02-03 00:10:00,48.799999999999997
2015-02-03 00:15:00,59.0
2015-02-03 00:20:00,58.333333333333336
2015-02-03 00:25:00,57.666666666666664
2015-02-03 00:30:00,57.0
2015-02-03 00:35:00,58.153846153846153
2015-02-03 00:40:00,59.307692307692307
2015-02-03 00:45:00,41.0
2015-02-03 00:50:00,76.5
2015-02-03 00:55:00,76.0
2015-02-03 01:00:00,68.5
2015-02-03 01:05:00,59.0
2015-02-03 01:10:00,50.555555555555557
2015-02-03 01:15:00,69.444444444444443
2015-02-03 01:20:00,75.200000000000003
2015-02-03 01:25:00,72.200000000000003
2015-02-03 01:30:00,56.0
2015-02-03 01:35:00,112.0
2015-02-03 01:40:00,80.125
2015-02-03 01:45:00,115.0
2015-02-03 01:50:00,42.0
2015-02-03 01:55:00,74.333333333333329
2015-02-03 02:00:00,69.333333333333329
2015-02-03 02:05:00,56.555555555555557
2015-02-03 02:10:00,60.399999999999999
2015-02-03 02:15:00,52.666666666666664
2015-02-03 02:20:00,72.0
2015-02-03 02:25:00,71.125
2015-02-03 02:30:00,43.0
2015-02-03 02:35:00,53.5
2015-02-03 02:40:00,64.0
2015-02-03 02:45:00,53.857142857142861
2015-02-03 02:50:00,45.5
2015-02-03 02:55:00,66.799999999999997
2015-02-03 03:00:00,51.5
2015-02-03 03:05:00,47.727272727272727
2015-02-03 03:10:00,52.272727272727273
2015-02-03 03:15:00,56.333333333333336
2015-02-03 03:20:00,101.0
2015-02-03 03:25:00,76.0
2015-02-03 03:30:00,45.0
2015-02-03 03:35:00,54.857142857142861
2015-02-03 03:40:00,73.0
2015-02-03 03:45:00,48.0
2015-02-03 03:50:00,69.5
2015-02-03 03:55:00,48.0
2015-02-03 04:00:00,56.0
2015-02-03 04:05:00,47.555555555555557
2015-02-03 04:10:00,55.333333333333336
2015-02-03 04:15:00,70.666666666666671
2015-02-03 04:20:00,60.0
2015-02-03 04:25:00,68.142857142857139
2015-02-03 04:30:00,81.0
2015-02-03 04:35:00,83.0
2015-02-03 04:40:00,63.0
2015-02-03 04:45:00,49.0
2015-02-03 04:50:00,49.285714285714285
2015-02-03 04:55:00,65.0
2015-02-03 05:00:00,78.777777777777771
2015-02-03 05:05:00,78.222222222222229
2015-02-03 05:10:00,62.142857142857139
2015-02-03 05:15:00,48.0
2015-02-03 05:20:00,55.916666666666664
2015-02-03 05:25:00,63.833333333333329
2015-02-03 05:30:00,67.0
2015-02-03 05:35:00,63.357142857142861
2015-02-03 05:40:00,72.285714285714292
2015-02-03 05:45:00,81.214285714285722
2015-02-03 05:50:00,85.857142857142861
2015-02-03 05:55:00,82.0
2015-02-03 06:00:00,81.727272727272734
2015-02-03 06:05:00,91.27272727272728
2015-02-03 06:10:00,49.0
2015-02-03 06:15:00,68.75
2015-02-03 06:20:00,56.799999999999997
2015-02-03 06:25:00,55.600000000000001
2015-02-03 06:30:00,67.428571428571431
2015-02-03 06:35:00,80.333333333333329
2015-02-03 06:40:00,88.5
2015-02-03 06:45:00,78.0
2015-02-03 06:50:00,76.599999999999994
2015-02-03 06:55:00,81.0
2015-02-03 07:00:00,69.400000000000006
2015-02-03 07:05:00,74.777777777777771
2015-02-03 07:10:00,79.222222222222229
2015-02-03 07:15:00,98.0
2015-02-03 07:20:00,100.77777777777777
2015-02-03 07:25:00,102.5
2015-02-03 07:30:00,78.5
2015-02-03 07:35:00,85.714285714285708
2015-02-03 07:40:00,99.666666666666671
2015-02-03 07:45:00,116.27272727272727
2015-02-03 07:50:00,102.63636363636364
2015-02-03 07:55:00,89.0
2015-02-03 08:00:00,84.0
2015-02-03 08:05:00,94.833333333333329
2015-02-03 08:10:00,89.285714285714292
2015-02-03 08:15:00,60.714285714285715
2015-02-03 08:20:00,61.909090909090907
2015-02-03 08:25:00,70.545454545454547
2015-02-03 08:30:00,79.181818181818187
2015-02-03 08:35:00,87.818181818181813
2015-02-03 08:40:00,84.333333333333329
2015-02-03 08:45:00,80.0
2015-02-03 08:50:00,79.166666666666671
2015-02-03 08:55:00,98.200000000000003
2015-02-03 09:00:00,98.599999999999994
2015-02-03 09:05:00,71.166666666666671
2015-02-03 09:10:00,82.0
2015-02-03 09:15:00,92.833333333333329
2015-02-03 09:20:00,48.0
2015-02-03 09:25:00,95.571428571428569
2015-02-03 09:30:00,72.0
2015-02-03 09:35:00,88.857142857142861
2015-02-03 09:40:00,94.928571428571431
2015-02-03 09:45:00,101.0
2015-02-03 09:50:00,123.5
2015-02-03 09:55:00,146.0
2015-02-03 10:00:00,89.0
2015-02-03 10:05:00,91.727272727272734
2015-02-03 10:10:00,94.454545454545453
2015-02-03 10:15:00,91.666666666666671
2015-02-03 10:20:00,82.0
2015-02-03 10:25:00,113.0
2015-02-03 10:30:00,101.33333333333333
2015-02-03 10:35:00,92.125
2015-02-03 10:40:00,92.75
2015-02-03 10:45:00,95.599999999999994
2015-02-03 10:50:00,78.181818181818187
2015-02-03 10:55:00,79.090909090909093
2015-02-03 11:00:00,80.0
2015-02-03 11:05:00,77.8125
2015-02-03 11:10:00,75.625
2015-02-03 11:15:00,73.4375
2015-02-03 11:20:00,67.666666666666671
2015-02-03 11:25:00,64.428571428571431
2015-02-03 11:30:00,71.571428571428569
2015-02-03 11:35:00,80.0
2015-02-03 11:40:00,77.0
2015-02-03 11:45:00,84.714285714285708
2015-02-03 11:50:00,89.200000000000003
2015-02-03 11:55:00,78.5
2015-02-03 12:00:00,96.0
2015-02-03 12:05:00,91.0
2015-02-03 12:10:00,83.1875
2015-02-03 12:15:00,75.375
2015-02-03 12:20:00,67.5625
2015-02-03 12:25:00,116.0
2015-02-03 12:30:00,114.33333333333333
2015-02-03 12:35:00,90.0
2015-02-03 12:40:00,60.666666666666664
2015-02-03 12:45:00,79.0
2015-02-03 12:50:00,67.571428571428569
2015-02-03 12:55:00,78.043478260869563
2015-02-03 13:00:00,73.260869565217391
2015-02-03 13:05:00,68.478260869565219
2015-02-03 13:10:00,63.695652173913047
2015-02-03 13:15:00,58.913043478260867
2015-02-03 13:20:00,84.0
2015-02-03 13:25:00,95.0
2015-02-03 13:30:00,94.0
2015-02-03 13:35:00,76.75
2015-02-03 13:40:00,109.0
2015-02-03 13:45:00,74.0
2015-02-03 13:50:00,90.25
2015-02-03 13:55:00,86.666666666666671
2015-02-03 14:00:00,80.0
2015-02-03 14:05:00,88.928571428571431
2015-02-03 14:10:00,97.857142857142861
2015-02-03 14:15:00,91.333333333333329
2015-02-03 14:20:00,66.454545454545453
2015-02-03 14:25:00,70.545454545454547
2015-02-03 14:30:00,72.5
2015-02-03 14:35:00,73.0
2015-02-03 14:40:00,74.666666666666671
2015-02-03 14:45:00,79.5
2015-02-03 14:50:00,97.0
2015-02-03 14:55:00,114.5
2015-02-03 15:00:00,78.571428571428569
2015-02-03 15:05:00,64.5
2015-02-03 15:10:00,74.0
2015-02-03 15:15:00,61.63636363636364
2015-02-03 15:20:00,56.181818181818187
2015-02-03 15:25:00,51.0
2015-02-03 15:30:00,65.222222222222229
2015-02-03 15:35:00,55.777777777777779
2015-02-03 15:40:00,52.272727272727273
2015-02-03 15:45:00,52.727272727272727
2015-02-03 15:50:00,59.0
2015-02-03 15:55:00,69.333333333333329
2015-02-03 16:00:00,81.181818181818187
2015-02-03 16:05:00,94.818181818181813
2015-02-03 16:10:00,87.0
2015-02-03 16:15:00,96.142857142857139
2015-02-03 16:20:00,96.857142857142861
2015-02-03 16:25:00,92.0
2015-02-03 16:30:00,115.28571428571429
2015-02-03 16:35:00,101.71428571428572
2015-02-03 16:40:00,88.142857142857139
2015-02-03 16:45:00,79.599999999999994
2015-02-03 16:50:00,80.200000000000003
2015-02-03 16:55:00,103.5
2015-02-03 17:00:00,116.0
2015-02-03 17:05:00,71.84615384615384
2015-02-03 17:10:00,69.15384615384616
2015-02-03 17:15:00,63.0
2015-02-03 17:20:00,61.75
2015-02-03 17:25:00,73.0
2015-02-03 17:30:00,65.0
2015-02-03 17:35:00,83.5
2015-02-03 17:40:00,82.142857142857139
2015-02-03 17:45:00,77.857142857142861
2015-02-03 17:50:00,59.666666666666671
2015-02-03 17:55:00,53.454545454545453
2015-02-03 18:00:00,57.545454545454547
2015-02-03 18:05:00,56.0
2015-02-03 18:10:00,46.0
2015-02-03 18:15:00,46.5
2015-02-03 18:20:00,51.0
2015-02-03 18:25:00,52.428571428571431
2015-02-03 18:30:00,57.0
2015-02-03 18:35:00,56.0
2015-02-03 18:40:00,70.5
2015-02-03 18:45:00,85.0
2015-02-03 18:50:00,60.25
2015-02-03 18:55:00,46.0
2015-02-03 19:00:00,47.0
2015-02-03 19:05:00,62.0
2015-02-03 19:10:00,77.0
2015-02-03 19:15:00,74.25
2015-02-03 19:20:00,74.0
2015-02-03 19:25:00,58.0
2015-02-03 19:30:00,51.0
2015-02-03 19:35:00,52.428571428571431
2015-02-03 19:40:00,62.428571428571431
2015-02-03 19:45:00,72.5
2015-02-03 19:50:00,60.0
2015-02-03 19:55:00,52.5
2015-02-03 20:00:00,45.0
2015-02-03 20:05:00,37.5
2015-02-03 20:10:00,60.0
2015-02-03 20:15:00,43.333333333333329
2015-02-03 20:20:00,64.0
2015-02-03 20:25:00,47.0
2015-02-03 20:30:00,54.0
2015-02-03 20:35:00,56.399999999999999
2015-02-03 20:40:00,45.0
2015-02-03 20:45:00,54.222222222222221
2015-02-03 20:50:00,55.333333333333336
2015-02-03 20:55:00,43.0
2015-02-03 21:00:00,41.0
2015-02-03 21:05:00,54.571428571428569
2015-02-03 21:10:00,36.0
2015-02-03 21:15:00,88.0
2015-02-03 21:20:00,57.5
2015-02-03 21:25:00,55.666666666666671
2015-02-03 21:30:00,38.0
2015-02-03 21:35:00,60.0
2015-02-03 21:40:00,65.0
2015-02-03 21:45:00,76.5
2015-02-03 21:50:00,54.0
2015-02-03 21:55:00,46.615384615384613
2015-02-03 22:00:00,49.307692307692307
2015-02-03 22:05:00,52.0
2015-02-03 22:10:00,63.666666666666671
2015-02-03 22:15:00,54.0
2015-02-03 22:20:00,65.5
2015-02-03 22:25:00,81.142857142857139
2015-02-03 22:30:00,80.0
2015-02-03 22:35:00,54.333333333333336
2015-02-03 22:40:00,61.571428571428569
2015-02-03 22:45:00,55.857142857142861
2015-02-03 22:50:00,50.142857142857146
2015-02-03 22:55:00,44.428571428571431
2015-02-03 23:00:00,36.0
2015-02-03 23:05:00,39.214285714285715
2015-02-03 23:10:00,42.428571428571431
2015-02-03 23:15:00,44.25
2015-02-03 23:20:00,95.0
2015-02-03 23:25:00,72.0
2015-02-03 23:30:00,48.0
2015-02-03 23:35:00,65.142857142857139
2015-02-03 23:40:00,70.857142857142861
2015-02-03 23:45:00,76.571428571428569
2015-02-03 23:50:00,76.666666666666671
2015-02-03 23:55:00,67.0
2015-02-04 00:00:00,59.0
2015-02-04 00:05:00,44.0
2015-02-04 00:10:00,29.0
2015-02-04 00:15:00,43.0
2015-02-04 00:20:00,42.285714285714285
2015-02-04 00:25:00,52.5
2015-02-04 00:30:00,55.0
2015-02-04 00:35:00,50.294117647058826
2015-02-04 00:40:00,45.588235294117645
2015-02-04 00:45:00,40.882352941176471
2015-02-04 00:50:00,66.599999999999994
2015-02-04 00:55:00,74.0
2015-02-04 01:00:00,55.450000000000003
2015-02-04 01:05:00,57.700000000000003
2015-02-04 01:10:00,59.950000000000003
2015-02-04 01:15:00,62.200000000000003
2015-02-04 01:20:00,58.333333333333336
2015-02-04 01:25:00,65.0
2015-02-04 01:30:00,70.0
2015-02-04 01:35:00,46.0
2015-02-04 01:40:00,79.0
2015-02-04 01:45:00,47.333333333333336
2015-02-04 01:50:00,45.363636363636367
2015-02-04 01:55:00,51.272727272727273
2015-02-04 02:00:00,56.5
2015-02-04 02:05:00,67.0
2015-02-04 02:10:00,89.5
2015-02-04 02:15:00,79.599999999999994
2015-02-04 02:20:00,61.600000000000001
2015-02-04 02:25:00,34.0
2015-02-04 02:30:00,35.428571428571431
2015-02-04 02:35:00,56.200000000000003
2015-02-04 02:40:00,54.0
2015-02-04 02:45:00,56.0
2015-02-04 02:50:00,39.857142857142854
2015-02-04 02:55:00,67.25
2015-02-04 03:00:00,53.0
2015-02-04 03:05:00,73.0
2015-02-04 03:10:00,85.75
2015-02-04 03:15:00,104.0
2015-02-04 03:20:00,66.0
2015-02-04 03:25:00,98.857142857142861
2015-02-04 03:30:00,98.142857142857139
2015-02-04 03:35:00,78.200000000000003
2015-02-04 03:40:00,73.333333333333329
2015-02-04 03:45:00,69.0
2015-02-04 03:50:00,81.0
2015-02-04 03:55:00,78.0
2015-02-04 04:00:00,69.111111111111114
2015-02-04 04:05:00,60.222222222222221
2015-02-04 04:10:00,51.333333333333336
2015-02-04 04:15:00,72.666666666666671
2015-02-04 04:20:00,44.0
2015-02-04 04:25:00,63.0
2015-02-04 04:30:00,76.0
2015-02-04 04:35:00,61.545454545454547
2015-02-04 04:40:00,72.909090909090907
2015-02-04 04:45:00,57.0
2015-02-04 04:50:00,61.666666666666664
2015-02-04 04:55:00,68.333333333333329
2015-02-04 05:00:00,72.599999999999994
2015-02-04 05:05:00,70.599999999999994
2015-02-04 05:10:00,68.599999999999994
2015-02-04 05:15:00,66.599999999999994
2015-02-04 05:20:00,64.599999999999994
2015-02-04 05:25:00,67.714285714285708
2015-02-04 05:30:00,91.285714285714278
2015-02-04 05:35:00,56.333333333333336
2015-02-04 05:40:00,80.0
2015-02-04 05:45:00,74.166666666666671
2015-02-04 05:50:00,68.333333333333329
2015-02-04 05:55:00,57.0
2015-02-04 06:00:00,69.0
2015-02-04 06:05:00,100.85714285714286
2015-02-04 06:10:00,83.0
2015-02-04 06:15:00,90.07692307692308
2015-02-04 06:20:00,68.92307692307692
2015-02-04 06:25:00,56.200000000000003
2015-02-04 06:30:00,76.5
2015-02-04 06:35:00,78.714285714285708
2015-02-04 06:40:00,87.285714285714278
2015-02-04 06:45:00,79.285714285714292
2015-02-04 06:50:00,92.0
2015-02-04 06:55:00,84.571428571428569
2015-02-04 07:00:00,112.42857142857143
2015-02-04 07:05:00,90.0
2015-02-04 07:10:00,65.0
2015-02-04 07:15:00,86.25
2015-02-04 07:20:00,84.5
2015-02-04 07:25:00,60.0
2015-02-04 07:30:00,59.166666666666664
2015-02-04 07:35:00,98.200000000000003
2015-02-04 07:40:00,94.0
2015-02-04 07:45:00,58.0
2015-02-04 07:50:00,81.0
2015-02-04 07:55:00,73.777777777777771
2015-02-04 08:00:00,67.666666666666671
2015-02-04 08:05:00,66.0
2015-02-04 08:10:00,75.0
2015-02-04 08:15:00,91.0
2015-02-04 08:20:00,76.111111111111114
2015-02-04 08:25:00,118.88888888888889
2015-02-04 08:30:00,81.333333333333329
2015-02-04 08:35:00,87.0
2015-02-04 08:40:00,104.5
2015-02-04 08:45:00,100.5
2015-02-04 08:50:00,101.59999999999999
2015-02-04 08:55:00,101.66666666666667
2015-02-04 09:00:00,110.8
2015-02-04 09:05:00,84.833333333333329
2015-02-04 09:10:00,91.916666666666671
2015-02-04 09:15:00,99.0
2015-02-04 09:20:00,89.0
2015-02-04 09:25:00,91.0
2015-02-04 09:30:00,78.0
2015-02-04 09:35:00,67.0
2015-02-04 09:40:00,83.0
2015-02-04 09:45:00,64.333333333333329
2015-02-04 09:50:00,76.0
2015-02-04 09:55:00,77.0
2015-02-04 10:00:00,68.666666666666671
2015-02-04 10:05:00,73.428571428571431
2015-02-04 10:10:00,81.464285714285722
2015-02-04 10:15:00,89.5
2015-02-04 10:20:00,97.535714285714292
2015-02-04 10:25:00,105.57142857142857
2015-02-04 10:30:00,109.90909090909091
2015-02-04 10:35:00,99.454545454545453
2015-02-04 10:40:00,89.0
2015-02-04 10:45:00,81.428571428571431
2015-02-04 10:50:00,72.0
2015-02-04 10:55:00,110.0
2015-02-04 11:00:00,65.0
2015-02-04 11:05:00,91.066666666666663
2015-02-04 11:10:00,91.400000000000006
2015-02-04 11:15:00,91.733333333333334
2015-02-04 11:20:00,91.666666666666671
2015-02-04 11:25:00,103.0
2015-02-04 11:30:00,105.33333333333334
2015-02-04 11:35:00,101.5
2015-02-04 11:40:00,85.0
2015-02-04 11:45:00,91.666666666666671
2015-02-04 11:50:00,95.857142857142861
2015-02-04 11:55:00,99.428571428571431
2015-02-04 12:00:00,103.0
2015-02-04 12:05:00,80.0
2015-02-04 12:10:00,59.5
2015-02-04 12:15:00,80.0
2015-02-04 12:20:00,113.75
2015-02-04 12:25:00,105.0
2015-02-04 12:30:00,78.333333333333329
2015-02-04 12:35:00,114.59999999999999
2015-02-04 12:40:00,94.666666666666671
2015-02-04 12:45:00,102.66666666666667
2015-02-04 12:50:00,74.5
2015-02-04 12:55:00,85.777777777777771
2015-02-04 13:00:00,80.222222222222229
2015-02-04 13:05:00,74.666666666666671
2015-02-04 13:10:00,69.111111111111114
2015-02-04 13:15:00,70.0
2015-02-04 13:20:00,61.666666666666664
2015-02-04 13:25:00,70.75
2015-02-04 13:30:00,97.200000000000003
2015-02-04 13:35:00,105.66666666666667
2015-02-04 13:40:00,93.0
2015-02-04 13:45:00,76.0
2015-02-04 13:50:00,79.599999999999994
2015-02-04 13:55:00,92.0
2015-02-04 14:00:00,80.799999999999997
2015-02-04 14:05:00,59.300000000000004
2015-02-04 14:10:00,68.0
2015-02-04 14:15:00,83.0
2015-02-04 14:20:00,90.0
2015-02-04 14:25:00,60.0
2015-02-04 14:30:00,51.0
2015-02-04 14:35:00,74.0
2015-02-04 14:40:00,83.5
2015-02-04 14:45:00,90.833333333333329
2015-02-04 14:50:00,94.375
2015-02-04 14:55:00,97.916666666666671
2015-02-04 15:00:00,101.45833333333333
2015-02-04 15:05:00,105.0
2015-02-04 15:10:00,69.5
2015-02-04 15:15:00,62.0
2015-02-04 15:20:00,77.0
2015-02-04 15:25:00,92.0
2015-02-04 15:30:00,101.0
2015-02-04 15:35:00,53.0
2015-02-04 15:40:00,72.166666666666671
2015-02-04 15:45:00,76.25
2015-02-04 15:50:00,104.375
2015-02-04 15:55:00,67.0
2015-02-04 16:00:00,55.799999999999997
2015-02-04 16:05:00,49.714285714285715
2015-02-04 16:10:00,58.285714285714285
2015-02-04 16:15:00,81.5
2015-02-04 16:20:00,54.200000000000003
2015-02-04 16:25:00,40.5
2015-02-04 16:30:00,48.0
2015-02-04 16:35:00,53.625
2015-02-04 16:40:00,51.75
2015-02-04 16:45:00,52.799999999999997
2015-02-04 16:50:00,67.285714285714292
2015-02-04 16:55:00,79.833333333333329
2015-02-04 17:00:00,54.0
2015-02-04 17:05:00,73.444444444444443
2015-02-04 17:10:00,78.0
2015-02-04 17:15:00,91.5
2015-02-04 17:20:00,87.0
2015-02-04 17:25:00,89.5
2015-02-04 17:30:00,72.0
2015-02-04 17:35:00,80.0
2015-02-04 17:40:00,77.400000000000006
2015-02-04 17:45:00,87.0
2015-02-04 17:50:00,72.0
2015-02-04 17:55:00,45.0
2015-02-04 18:00:00,98.0
2015-02-04 18:05:00,68.0
2015-02-04 18:10:00,71.0
2015-02-04 18:15:00,54.684210526315788
2015-02-04 18:20:00,53.10526315789474
2015-02-04 18:25:00,51.526315789473685
2015-02-04 18:30:00,49.94736842105263
2015-02-04 18:35:00,53.600000000000001
2015-02-04 18:40:00,54.0
2015-02-04 18:45:00,64.0
2015-02-04 18:50:00,66.0
2015-02-04 18:55:00,55.0
2015-02-04 19:00:00,85.0
2015-02-04 19:05:00,73.84615384615384
2015-02-04 19:10:00,62.692307692307693
2015-02-04 19:15:00,54.100000000000001
2015-02-04 19:20:00,49.350000000000001
2015-02-04 19:25:00,44.600000000000001
2015-02-04 19:30:00,39.850000000000001
2015-02-04 19:35:00,44.0
2015-02-04 19:40:00,56.0
2015-02-04 19:45:00,42.799999999999997
2015-02-04 19:50:00,42.769230769230766
2015-02-04 19:55:00,46.230769230769234
2015-02-04 20:00:00,48.666666666666664
2015-02-04 20:05:00,62.399999999999999
2015-02-04 20:10:00,54.0
2015-02-04 20:15:00,36.799999999999997
2015-02-04 20:20:00,54.0
2015-02-04 20:25:00,64.0
2015-02-04 20:30:00,70.071428571428569
2015-02-04 20:35:00,76.142857142857139
2015-02-04 20:40:00,74.666666666666671
2015-02-04 20:45:00,43.0
2015-02-04 20:50:00,54.0
2015-02-04 20:55:00,48.666666666666664
2015-02-04 21:00:00,49.777777777777779
2015-02-04 21:05:00,50.888888888888886
2015-02-04 21:10:00,52.0
2015-02-04 21:15:00,73.0
2015-02-04 21:20:00,65.5
2015-02-04 21:25:00,59.333333333333336
2015-02-04 21:30:00,69.285714285714278
2015-02-04 21:35:00,48.333333333333336
2015-02-04 21:40:00,55.0
2015-02-04 21:45:00,75.0
2015-02-04 21:50:00,38.666666666666664
2015-02-04 21:55:00,46.571428571428569
2015-02-04 22:00:00,37.0
2015-02-04 22:05:00,41.166666666666664
2015-02-04 22:10:00,32.0
2015-02-04 22:15:00,33.428571428571431
2015-02-04 22:20:00,35.714285714285715
2015-02-04 22:25:00,42.0
2015-02-04 22:30:00,42.75
2015-02-04 22:35:00,33.0
2015-02-04 22:40:00,33.636363636363633
2015-02-04 22:45:00,36.36363636363636
2015-02-04 22:50:00,39.090909090909093
2015-02-04 22:55:00,41.818181818181813
2015-02-04 23:00:00,44.857142857142854
2015-02-04 23:05:00,49.142857142857139
2015-02-04 23:10:00,53.428571428571431
2015-02-04 23:15:00,43.25
2015-02-04 23:20:00,44.0
2015-02-04 23:25:00,40.0
2015-02-04 23:30:00,53.0
2015-02-04 23:35:00,42.0
2015-02-04 23:40:00,52.0
2015-02-04 23:45:00,62.0
2015-02-04 23:50:00,60.333333333333336
2015-02-04 23:55:00,50.888888888888886
2015-02-05 00:00:00,42.53846153846154
2015-02-05 00:05:00,34.46153846153846
2015-02-05 00:10:00,34.0
2015-02-05 00:15:00,36.571428571428569
2015-02-05 00:20:00,36.0
2015-02-05 00:25:00,41.0
2015-02-05 00:30:00,34.5
2015-02-05 00:35:00,40.0
2015-02-05 00:40:00,64.333333333333329
2015-02-05 00:45:00,62.5
2015-02-05 00:50:00,43.333333333333336
2015-02-05 00:55:00,37.625
2015-02-05 01:00:00,32.0
2015-02-05 01:05:00,64.0
2015-02-05 01:10:00,96.0
2015-02-05 01:15:00,72.400000000000006
2015-02-05 01:20:00,60.0
2015-02-05 01:25:00,51.125
2015-02-05 01:30:00,56.75
2015-02-05 01:35:00,54.714285714285715
2015-02-05 01:40:00,50.200000000000003
2015-02-05 01:45:00,52.75
2015-02-05 01:50:00,39.333333333333336
2015-02-05 01:55:00,96.0
2015-02-05 02:00:00,67.700000000000003
2015-02-05 02:05:00,47.200000000000003
2015-02-05 02:10:00,48.0
2015-02-05 02:15:00,68.0
2015-02-05 02:20:00,39.5
2015-02-05 02:25:00,67.0
2015-02-05 02:30:00,50.0
2015-02-05 02:35:00,41.299999999999997
2015-02-05 02:40:00,36.799999999999997
2015-02-05 02:45:00,46.0
2015-02-05 02:50:00,46.666666666666664
2015-02-05 02:55:00,117.0
2015-02-05 03:00:00,62.0
2015-02-05 03:05:00,67.285714285714292
2015-02-05 03:10:00,73.0
2015-02-05 03:15:00,71.75
2015-02-05 03:20:00,70.5
2015-02-05 03:25:00,76.0
2015-02-05 03:30:00,63.714285714285715
2015-02-05 03:35:00,72.285714285714278
2015-02-05 03:40:00,75.599999999999994
2015-02-05 03:45:00,77.599999999999994
2015-02-05 03:50:00,95.0
2015-02-05 03:55:00,73.400000000000006
2015-02-05 04:00:00,72.0
2015-02-05 04:05:00,70.055555555555557
2015-02-05 04:10:00,68.111111111111114
2015-02-05 04:15:00,66.166666666666671
2015-02-05 04:20:00,62.0
2015-02-05 04:25:00,66.0
2015-02-05 04:30:00,89.166666666666671
2015-02-05 04:35:00,55.0
2015-02-05 04:40:00,71.0
2015-02-05 04:45:00,79.571428571428569
2015-02-05 04:50:00,78.0
2015-02-05 04:55:00,66.0
2015-02-05 05:00:00,91.666666666666671
2015-02-05 05:05:00,57.125
2015-02-05 05:10:00,54.0
2015-02-05 05:15:00,62.0
2015-02-05 05:20:00,70.0
2015-02-05 05:25:00,80.0
2015-02-05 05:30:00,60.5
2015-02-05 05:35:00,59.555555555555557
2015-02-05 05:40:00,54.0
2015-02-05 05:45:00,69.0
2015-02-05 05:50:00,64.0
2015-02-05 05:55:00,86.400000000000006
2015-02-05 06:00:00,57.333333333333336
2015-02-05 06:05:00,74.0
2015-02-05 06:10:00,35.0
2015-02-05 06:15:00,65.928571428571431
2015-02-05 06:20:00,60.571428571428569
2015-02-05 06:25:00,55.214285714285715
2015-02-05 06:30:00,73.0
2015-02-05 06:35:00,55.0
2015-02-05 06:40:00,52.200000000000003
2015-02-05 06:45:00,64.0
2015-02-05 06:50:00,59.0
2015-02-05 06:55:00,55.0
2015-02-05 07:00:00,71.0
2015-02-05 07:05:00,78.5
2015-02-05 07:10:00,112.16666666666667
2015-02-05 07:15:00,98.0
2015-02-05 07:20:00,88.714285714285708
2015-02-05 07:25:00,79.428571428571431
2015-02-05 07:30:00,70.142857142857139
2015-02-05 07:35:00,60.857142857142854
2015-02-05 07:40:00,84.5
2015-02-05 07:45:00,86.0
2015-02-05 07:50:00,62.0
2015-02-05 07:55:00,58.0
2015-02-05 08:00:00,63.733333333333334
2015-02-05 08:05:00,73.400000000000006
2015-02-05 08:10:00,83.066666666666663
2015-02-05 08:15:00,106.0
2015-02-05 08:20:00,62.0
2015-02-05 08:25:00,83.200000000000003
2015-02-05 08:30:00,59.0
2015-02-05 08:35:00,78.0
2015-02-05 08:40:00,71.666666666666671
2015-02-05 08:45:00,57.75
2015-02-05 08:50:00,80.0
2015-02-05 08:55:00,105.33333333333333
2015-02-05 09:00:00,93.0
2015-02-05 09:05:00,90.0
2015-02-05 09:10:00,81.666666666666671
2015-02-05 09:15:00,96.0
2015-02-05 09:20:00,89.0
2015-02-05 09:25:00,100.33333333333333
2015-02-05 09:30:00,75.599999999999994
2015-02-05 09:35:00,92.0
2015-02-05 09:40:00,52.333333333333336
2015-02-05 09:45:00,69.0
2015-02-05 09:50:00,98.571428571428569
2015-02-05 09:55:00,106.0
2015-02-05 10:00:00,59.777777777777779
2015-02-05 10:05:00,72.0
2015-02-05 10:10:00,59.0
2015-02-05 10:15:00,45.5
2015-02-05 10:20:00,36.571428571428569
2015-02-05 10:25:00,39.428571428571431
2015-02-05 10:30:00,52.0
2015-02-05 10:35:00,75.0
2015-02-05 10:40:00,78.799999999999997
2015-02-05 10:45:00,72.75
2015-02-05 10:50:00,73.0
2015-02-05 10:55:00,54.0
2015-02-05 11:00:00,58.857142857142854
2015-02-05 11:05:00,63.142857142857139
2015-02-05 11:10:00,65.777777777777771
2015-02-05 11:15:00,68.0
2015-02-05 11:20:00,59.0
2015-02-05 11:25:00,69.0
2015-02-05 11:30:00,71.599999999999994
2015-02-05 11:35:00,69.266666666666666
2015-02-05 11:40:00,66.933333333333337
2015-02-05 11:45:00,87.0
2015-02-05 11:50:00,128.0
2015-02-05 11:55:00,64.666666666666671
2015-02-05 12:00:00,40.0
2015-02-05 12:05:00,75.400000000000006
2015-02-05 12:10:00,84.400000000000006
2015-02-05 12:15:00,93.400000000000006
2015-02-05 12:20:00,103.66666666666667
2015-02-05 12:25:00,113.0
2015-02-05 12:30:00,108.71428571428571
2015-02-05 12:35:00,104.42857142857143
2015-02-05 12:40:00,100.14285714285714
2015-02-05 12:45:00,95.857142857142861
2015-02-05 12:50:00,81.666666666666671
2015-02-05 12:55:00,78.333333333333329
2015-02-05 13:00:00,90.25
2015-02-05 13:05:00,76.142857142857139
2015-02-05 13:10:00,69.0
2015-02-05 13:15:00,79.0
2015-02-05 13:20:00,84.78947368421052
2015-02-05 13:25:00,84.263157894736835
2015-02-05 13:30:00,83.736842105263165
2015-02-05 13:35:00,83.21052631578948
2015-02-05 13:40:00,104.71428571428571
2015-02-05 13:45:00,93.285714285714292
2015-02-05 13:50:00,82.0
2015-02-05 13:55:00,68.25
2015-02-05 14:00:00,76.875
2015-02-05 14:05:00,81.5625
2015-02-05 14:10:00,86.25
2015-02-05 14:15:00,76.0
2015-02-05 14:20:00,74.461538461538467
2015-02-05 14:25:00,72.92307692307692
2015-02-05 14:30:00,101.0
2015-02-05 14:35:00,72.875
2015-02-05 14:40:00,91.0
2015-02-05 14:45:00,62.857142857142854
2015-02-05 14:50:00,72.142857142857139
2015-02-05 14:55:00,71.333333333333329
2015-02-05 15:00:00,93.714285714285722
2015-02-05 15:05:00,88.0
2015-02-05 15:10:00,85.222222222222229
2015-02-05 15:15:00,93.0
2015-02-05 15:20:00,89.0
2015-02-05 15:25:00,85.75
2015-02-05 15:30:00,86.5
2015-02-05 15:35:00,78.0
2015-02-05 15:40:00,91.0
2015-02-05 15:45:00,81.666666666666671
2015-02-05 15:50:00,105.0
2015-02-05 15:55:00,86.666666666666671
2015-02-05 16:00:00,70.0
2015-02-05 16:05:00,65.0
2015-02-05 16:10:00,52.5
2015-02-05 16:15:00,64.5
2015-02-05 16:20:00,75.0
2015-02-05 16:25:00,63.18181818181818
2015-02-05 16:30:00,63.636363636363633
2015-02-05 16:35:00,66.0
2015-02-05 16:40:00,54.18181818181818
2015-02-05 16:45:00,60.090909090909093
2015-02-05 16:50:00,66.0
2015-02-05 16:55:00,135.0
2015-02-05 17:00:00,70.125
2015-02-05 17:05:00,65.75
2015-02-05 17:10:00,62.5
2015-02-05 17:15:00,60.0
2015-02-05 17:20:00,67.0
2015-02-05 17:25:00,64.0
2015-02-05 17:30:00,54.0
2015-02-05 17:35:00,58.0
2015-02-05 17:40:00,61.666666666666664
2015-02-05 17:45:00,47.333333333333336
2015-02-05 17:50:00,74.0
2015-02-05 17:55:00,70.0
2015-02-05 18:00:00,74.565217391304344
2015-02-05 18:05:00,67.173913043478265
2015-02-05 18:10:00,59.782608695652172
2015-02-05 18:15:00,52.391304347826093
2015-02-05 18:20:00,45.0
2015-02-05 18:25:00,48.46153846153846
2015-02-05 18:30:00,51.92307692307692
2015-02-05 18:35:00,63.0
2015-02-05 18:40:00,54.714285714285715
2015-02-05 18:45:00,72.0
2015-02-05 18:50:00,59.0
2015-02-05 18:55:00,75.5
2015-02-05 19:00:00,58.0
2015-02-05 19:05:00,54.5
2015-02-05 19:10:00,51.0
2015-02-05 19:15:00,51.0
2015-02-05 19:20:00,119.0
2015-02-05 19:25:00,84.833333333333343
2015-02-05 19:30:00,70.799999999999997
2015-02-05 19:35:00,47.5
2015-02-05 19:40:00,69.0
2015-02-05 19:45:00,54.142857142857146
2015-02-05 19:50:00,59.0
2015-02-05 19:55:00,70.0
2015-02-05 20:00:00,72.21052631578948
2015-02-05 20:05:00,65.89473684210526
2015-02-05 20:10:00,59.578947368421055
2015-02-05 20:15:00,53.263157894736842
2015-02-05 20:20:00,74.0
2015-02-05 20:25:00,71.0
2015-02-05 20:30:00,73.578947368421055
2015-02-05 20:35:00,83.05263157894737
2015-02-05 20:40:00,92.526315789473685
2015-02-05 20:45:00,102.0
2015-02-05 20:50:00,80.799999999999997
2015-02-05 20:55:00,79.0
2015-02-05 21:00:00,89.200000000000003
2015-02-05 21:05:00,66.200000000000003
2015-02-05 21:10:00,60.375
2015-02-05 21:15:00,66.0
2015-02-05 21:20:00,67.666666666666671
2015-02-05 21:25:00,68.0
2015-02-05 21:30:00,80.666666666666671
2015-02-05 21:35:00,62.200000000000003
2015-02-05 21:40:00,62.0
2015-02-05 21:45:00,65.0
2015-02-05 21:50:00,68.454545454545453
2015-02-05 21:55:00,57.545454545454547
2015-02-05 22:00:00,58.333333333333336
2015-02-05 22:05:00,71.111111111111114
2015-02-05 22:10:00,61.666666666666671
2015-02-05 22:15:00,67.0
2015-02-05 22:20:00,51.0
2015-02-05 22:25:00,49.5
2015-02-05 22:30:00,57.0
2015-02-05 22:35:00,66.666666666666671
2015-02-05 22:40:00,66.0
2015-02-05 22:45:00,68.5
2015-02-05 22:50:00,65.0
2015-02-05 22:55:00,65.0
2015-02-05 23:00:00,60.666666666666664
2015-02-05 23:05:00,60.125
2015-02-05 23:10:00,57.0
2015-02-05 23:15:00,58.222222222222221
2015-02-05 23:20:00,39.333333333333336
2015-02-05 23:25:00,36.0
2015-02-05 23:30:00,53.600000000000001
2015-02-05 23:35:00,60.0
2015-02-05 23:40:00,57.5
2015-02-05 23:45:00,45.5
2015-02-05 23:50:00,50.0
2015-02-05 23:55:00,43.333333333333336
2015-02-06 00:00:00,31.875
2015-02-06 00:05:00,35.0
2015-02-06 00:10:00,38.125
2015-02-06 00:15:00,45.428571428571431
2015-02-06 00:20:00,59.0
2015-02-06 00:25:00,68.444444444444443
2015-02-06 00:30:00,73.333333333333329
2015-02-06 00:35:00,59.0
2015-02-06 00:40:00,62.666666666666664
2015-02-06 00:45:00,71.0
2015-02-06 00:50:00,57.799999999999997
2015-02-06 00:55:00,63.399999999999999
2015-02-06 01:00:00,76.400000000000006
2015-02-06 01:05:00,70.0
2015-02-06 01:10:00,59.600000000000001
2015-02-06 01:15:00,52.600000000000001
2015-02-06 01:20:00,51.5
2015-02-06 01:25:00,53.0
2015-02-06 01:30:00,51.0
2015-02-06 01:35:00,45.0
2015-02-06 01:40:00,40.5
2015-02-06 01:45:00,36.0
2015-02-06 01:50:00,41.0
2015-02-06 01:55:00,62.5
2015-02-06 02:00:00,55.0
2015-02-06 02:05:00,52.0
2015-02-06 02:10:00,42.416666666666664
2015-02-06 02:15:00,32.833333333333329
2015-02-06 02:20:00,51.571428571428569
2015-02-06 02:25:00,43.0
2015-02-06 02:30:00,50.333333333333329
2015-02-06 02:35:00,71.75
2015-02-06 02:40:00,98.625
2015-02-06 02:45:00,74.5
2015-02-06 02:50:00,59.0
2015-02-06 02:55:00,59.166666666666664
2015-02-06 03:00:00,80.0
2015-02-06 03:05:00,78.5
2015-02-06 03:10:00,77.0
2015-02-06 03:15:00,75.5
2015-02-06 03:20:00,74.0
2015-02-06 03:25:00,67.0
2015-02-06 03:30:00,70.333333333333329
2015-02-06 03:35:00,76.571428571428569
2015-02-06 03:40:00,54.166666666666664
2015-02-06 03:45:00,45.0
2015-02-06 03:50:00,49.799999999999997
2015-02-06 03:55:00,64.0
2015-02-06 04:00:00,75.5
2015-02-06 04:05:00,78.0
2015-02-06 04:10:00,80.5
2015-02-06 04:15:00,72.75
2015-02-06 04:20:00,76.0
2015-02-06 04:25:00,79.75
2015-02-06 04:30:00,78.799999999999997
2015-02-06 04:35:00,70.799999999999997
2015-02-06 04:40:00,66.666666666666671
2015-02-06 04:45:00,39.0
2015-02-06 04:50:00,70.0
2015-02-06 04:55:00,86.75
2015-02-06 05:00:00,45.5
2015-02-06 05:05:00,36.63636363636364
2015-02-06 05:10:00,49.36363636363636
2015-02-06 05:15:00,61.571428571428569
2015-02-06 05:20:00,73.0
2015-02-06 05:25:00,67.5
2015-02-06 05:30:00,62.0
2015-02-06 05:35:00,50.0
2015-02-06 05:40:00,52.428571428571431
2015-02-06 05:45:00,59.0
2015-02-06 05:50:00,63.200000000000003
2015-02-06 05:55:00,63.333333333333336
2015-02-06 06:00:00,62.600000000000001
2015-02-06 06:05:00,56.5
2015-02-06 06:10:00,58.0
2015-02-06 06:15:00,78.0
2015-02-06 06:20:00,98.0
2015-02-06 06:25:00,79.0
2015-02-06 06:30:00,75.0
2015-02-06 06:35:00,71.25
2015-02-06 06:40:00,87.0
2015-02-06 06:45:00,92.0
2015-02-06 06:50:00,77.5
2015-02-06 06:55:00,69.0
2015-02-06 07:00:00,79.909090909090907
2015-02-06 07:05:00,90.818181818181813
2015-02-06 07:10:00,87.285714285714292
2015-02-06 07:15:00,80.142857142857139
2015-02-06 07:20:00,73.0
2015-02-06 07:25:00,83.0
2015-02-06 07:30:00,101.2
2015-02-06 07:35:00,83.0
2015-02-06 07:40:00,84.333333333333329
2015-02-06 07:45:00,88.0
2015-02-06 07:50:00,73.0
2015-02-06 07:55:00,102.2
2015-02-06 08:00:00,98.400000000000006
2015-02-06 08:05:00,85.333333333333329
2015-02-06 08:10:00,95.0
2015-02-06 08:15:00,85.0
2015-02-06 08:20:00,110.0
2015-02-06 08:25:00,84.166666666666657
2015-02-06 08:30:00,112.5
2015-02-06 08:35:00,98.0
2015-02-06 08:40:00,80.5
2015-02-06 08:45:00,86.454545454545453
2015-02-06 08:50:00,98.27272727272728
2015-02-06 08:55:00,66.0
2015-02-06 09:00:00,99.0
2015-02-06 09:05:00,88.200000000000003
2015-02-06 09:10:00,95.777777777777771
2015-02-06 09:15:00,110.22222222222223
2015-02-06 09:20:00,117.0
2015-02-06 09:25:00,118.66666666666667
2015-02-06 09:30:00,113.0
2015-02-06 09:35:00,96.769230769230774
2015-02-06 09:40:00,113.69230769230769
2015-02-06 09:45:00,130.61538461538461
2015-02-06 09:50:00,94.599999999999994
2015-02-06 09:55:00,116.75
2015-02-06 10:00:00,97.0
2015-02-06 10:05:00,77.0
2015-02-06 10:10:00,73.5
2015-02-06 10:15:00,81.0
2015-02-06 10:20:00,103.0
2015-02-06 10:25:00,66.0
2015-02-06 10:30:00,77.0
2015-02-06 10:35:00,96.0
2015-02-06 10:40:00,63.5
2015-02-06 10:45:00,79.25
2015-02-06 10:50:00,102.25
2015-02-06 10:55:00,100.375
2015-02-06 11:00:00,77.0
2015-02-06 11:05:00,76.0
2015-02-06 11:10:00,71.25
2015-02-06 11:15:00,92.333333333333329
2015-02-06 11:20:00,76.333333333333329
2015-02-06 11:25:00,69.0
2015-02-06 11:30:00,85.333333333333329
2015-02-06 11:35:00,82.0
2015-02-06 11:40:00,117.0
2015-02-06 11:45:00,81.166666666666657
2015-02-06 11:50:00,88.333333333333329
2015-02-06 11:55:00,80.0
2015-02-06 12:00:00,108.57142857142857
2015-02-06 12:05:00,105.0
2015-02-06 12:10:00,83.200000000000003
2015-02-06 12:15:00,83.5
2015-02-06 12:20:00,71.400000000000006
2015-02-06 12:25:00,96.0
2015-02-06 12:30:00,111.71428571428571
2015-02-06 12:35:00,127.42857142857143
2015-02-06 12:40:00,129.0
2015-02-06 12:45:00,84.0
2015-02-06 12:50:00,89.0
2015-02-06 12:55:00,74.181818181818187
2015-02-06 13:00:00,65.090909090909093
2015-02-06 13:05:00,56.0
2015-02-06 13:10:00,46.833333333333336
2015-02-06 13:15:00,60.0
2015-02-06 13:20:00,62.0
2015-02-06 13:25:00,64.0
2015-02-06 13:30:00,61.0
2015-02-06 13:35:00,58.0
2015-02-06 13:40:00,83.0
2015-02-06 13:45:00,90.200000000000003
2015-02-06 13:50:00,82.599999999999994
2015-02-06 13:55:00,104.09999999999999
2015-02-06 14:00:00,109.0
2015-02-06 14:05:00,91.705882352941174
2015-02-06 14:10:00,78.470588235294116
2015-02-06 14:15:00,65.235294117647058
2015-02-06 14:20:00,52.0
2015-02-06 14:25:00,68.0
2015-02-06 14:30:00,70.272727272727266
2015-02-06 14:35:00,72.545454545454547
2015-02-06 14:40:00,97.0
2015-02-06 14:45:00,127.0
2015-02-06 14:50:00,74.0
2015-02-06 14:55:00,79.3125
2015-02-06 15:00:00,84.625
2015-02-06 15:05:00,89.9375
2015-02-06 15:10:00,89.0
2015-02-06 15:15:00,86.5
2015-02-06 15:20:00,84.0
2015-02-06 15:25:00,65.200000000000003
2015-02-06 15:30:00,55.75
2015-02-06 15:35:00,86.25
2015-02-06 15:40:00,94.5
2015-02-06 15:45:00,90.75
2015-02-06 15:50:00,109.42857142857143
2015-02-06 15:55:00,109.33333333333333
2015-02-06 16:00:00,91.333333333333329
2015-02-06 16:05:00,78.0
2015-02-06 16:10:00,60.142857142857139
2015-02-06 16:15:00,62.0
2015-02-06 16:20:00,66.0
2015-02-06 16:25:00,70.25
2015-02-06 16:30:00,74.533333333333331
2015-02-06 16:35:00,72.200000000000003
2015-02-06 16:40:00,69.86666666666666
2015-02-06 16:45:00,59.0
2015-02-06 16:50:00,65.142857142857139
2015-02-06 16:55:00,53.0
2015-02-06 17:00:00,65.222222222222229
2015-02-06 17:05:00,59.0
2015-02-06 17:10:00,73.0
2015-02-06 17:15:00,61.5
2015-02-06 17:20:00,50.0
2015-02-06 17:25:00,55.0
2015-02-06 17:30:00,61.75
2015-02-06 17:35:00,71.125
2015-02-06 17:40:00,68.555555555555557
2015-02-06 17:45:00,63.0
2015-02-06 17:50:00,101.0
2015-02-06 17:55:00,61.833333333333336
2015-02-06 18:00:00,52.399999999999999
2015-02-06 18:05:00,44.0
2015-02-06 18:10:00,64.875
2015-02-06 18:15:00,49.25
2015-02-06 18:20:00,43.0
2015-02-06 18:25:00,58.200000000000003
2015-02-06 18:30:00,77.199999999999989
2015-02-06 18:35:00,73.666666666666671
2015-02-06 18:40:00,70.222222222222229
2015-02-06 18:45:00,71.333333333333329
2015-02-06 18:50:00,81.0
2015-02-06 18:55:00,55.75
2015-02-06 19:00:00,79.0
2015-02-06 19:05:00,92.888888888888886
2015-02-06 19:10:00,85.0
2015-02-06 19:15:00,53.81818181818182
2015-02-06 19:20:00,65.181818181818187
2015-02-06 19:25:00,75.0
2015-02-06 19:30:00,79.0
2015-02-06 19:35:00,83.799999999999997
2015-02-06 19:40:00,72.299999999999997
2015-02-06 19:45:00,56.142857142857146
2015-02-06 19:50:00,61.200000000000003
2015-02-06 19:55:00,72.200000000000003
2015-02-06 20:00:00,83.200000000000003
2015-02-06 20:05:00,57.0
2015-02-06 20:10:00,61.166666666666664
2015-02-06 20:15:00,76.857142857142861
2015-02-06 20:20:00,70.0
2015-02-06 20:25:00,65.0
2015-02-06 20:30:00,62.727272727272727
2015-02-06 20:35:00,60.454545454545453
2015-02-06 20:40:00,73.0
2015-02-06 20:45:00,89.25
2015-02-06 20:50:00,91.0
2015-02-06 20:55:00,51.0
2015-02-06 21:00:00,56.833333333333336
2015-02-06 21:05:00,65.0
2015-02-06 21:10:00,54.5
2015-02-06 21:15:00,51.0
2015-02-06 21:20:00,54.0
2015-02-06 21:25:00,48.666666666666664
2015-02-06 21:30:00,44.5
2015-02-06 21:35:00,63.0
2015-02-06 21:40:00,54.600000000000001
2015-02-06 21:45:00,40.0
2015-02-06 21:50:00,50.833333333333329
2015-02-06 21:55:00,37.0
2015-02-06 22:00:00,38.81818181818182
2015-02-06 22:05:00,40.63636363636364
2015-02-06 22:10:00,44.0
2015-02-06 22:15:00,55.0
2015-02-06 22:20:00,61.666666666666664
2015-02-06 22:25:00,57.434782608695656
2015-02-06 22:30:00,50.478260869565219
2015-02-06 22:35:00,43.521739130434781
2015-02-06 22:40:00,36.565217391304344
2015-02-06 22:45:00,34.875
2015-02-06 22:50:00,54.25
2015-02-06 22:55:00,57.0
2015-02-06 23:00:00,57.909090909090907
2015-02-06 23:05:00,58.81818181818182
2015-02-06 23:10:00,61.0
2015-02-06 23:15:00,58.0
2015-02-06 23:20:00,53.0
2015-02-06 23:25:00,55.100000000000001
2015-02-06 23:30:00,55.600000000000001
2015-02-06 23:35:00,55.5
2015-02-06 23:40:00,54.5
2015-02-06 23:45:00,58.75
2015-02-06 23:50:00,56.333333333333336
2015-02-06 23:55:00,56.5
2015-02-07 00:00:00,54.0
2015-02-07 00:05:00,45.600000000000001
2015-02-07 00:10:00,45.100000000000001
2015-02-07 00:15:00,47.857142857142854
2015-02-07 00:20:00,47.0
2015-02-07 00:25:00,48.0
2015-02-07 00:30:00,55.5
2015-02-07 00:35:00,63.0
2015-02-07 00:40:00,59.0
2015-02-07 00:45:00,65.75
2015-02-07 00:50:00,69.5
2015-02-07 00:55:00,54.714285714285715
2015-02-07 01:00:00,69.0
2015-02-07 01:05:00,73.444444444444443
2015-02-07 01:10:00,72.5
2015-02-07 01:15:00,50.0
2015-02-07 01:20:00,59.0
2015-02-07 01:25:00,56.555555555555557
2015-02-07 01:30:00,69.333333333333329
2015-02-07 01:35:00,46.0
2015-02-07 01:40:00,46.0
2015-02-07 01:45:00,57.0
2015-02-07 01:50:00,72.0
2015-02-07 01:55:00,57.5
2015-02-07 02:00:00,64.400000000000006
2015-02-07 02:05:00,55.399999999999999
2015-02-07 02:10:00,76.142857142857139
2015-02-07 02:15:00,56.857142857142861
2015-02-07 02:20:00,52.466666666666669
2015-02-07 02:25:00,51.799999999999997
2015-02-07 02:30:00,51.133333333333333
2015-02-07 02:35:00,59.0
2015-02-07 02:40:00,42.5
2015-02-07 02:45:00,46.666666666666664
2015-02-07 02:50:00,43.0
2015-02-07 02:55:00,39.75
2015-02-07 03:00:00,38.5
2015-02-07 03:05:00,37.25
2015-02-07 03:10:00,36.0
2015-02-07 03:15:00,74.0
2015-02-07 03:20:00,58.0
2015-02-07 03:25:00,57.0
2015-02-07 03:30:00,56.285714285714285
2015-02-07 03:35:00,52.5
2015-02-07 03:40:00,51.142857142857146
2015-02-07 03:45:00,42.0
2015-02-07 03:50:00,58.0
2015-02-07 03:55:00,41.600000000000001
2015-02-07 04:00:00,34.583333333333336
2015-02-07 04:05:00,38.541666666666664
2015-02-07 04:10:00,42.5
2015-02-07 04:15:00,46.458333333333329
2015-02-07 04:20:00,50.416666666666664
2015-02-07 04:25:00,47.0
2015-02-07 04:30:00,60.5
2015-02-07 04:35:00,58.0
2015-02-07 04:40:00,40.399999999999999
2015-02-07 04:45:00,36.0
2015-02-07 04:50:00,64.0
2015-02-07 04:55:00,76.882352941176464
2015-02-07 05:00:00,79.235294117647058
2015-02-07 05:05:00,81.588235294117652
2015-02-07 05:10:00,80.857142857142861
2015-02-07 05:15:00,75.5
2015-02-07 05:20:00,70.142857142857139
2015-02-07 05:25:00,64.785714285714278
2015-02-07 05:30:00,59.428571428571431
2015-02-07 05:35:00,54.071428571428569
2015-02-07 05:40:00,57.0
2015-02-07 05:45:00,54.333333333333336
2015-02-07 05:50:00,55.600000000000001
2015-02-07 05:55:00,46.600000000000001
2015-02-07 06:00:00,37.599999999999994
2015-02-07 06:05:00,55.75
2015-02-07 06:10:00,50.0
2015-02-07 06:15:00,50.0
2015-02-07 06:20:00,52.5
2015-02-07 06:25:00,46.0
2015-02-07 06:30:00,57.25
2015-02-07 06:35:00,73.5
2015-02-07 06:40:00,72.714285714285708
2015-02-07 06:45:00,77.599999999999994
2015-02-07 06:50:00,71.599999999999994
2015-02-07 06:55:00,65.599999999999994
2015-02-07 07:00:00,58.666666666666664
2015-02-07 07:05:00,55.0
2015-02-07 07:10:00,70.0
2015-02-07 07:15:00,67.0
2015-02-07 07:20:00,57.333333333333336
2015-02-07 07:25:00,70.333333333333329
2015-02-07 07:30:00,64.222222222222229
2015-02-07 07:35:00,71.599999999999994
2015-02-07 07:40:00,61.75
2015-02-07 07:45:00,104.40000000000001
2015-02-07 07:50:00,78.333333333333329
2015-02-07 07:55:00,65.666666666666671
2015-02-07 08:00:00,59.0
2015-02-07 08:05:00,59.444444444444443
2015-02-07 08:10:00,70.555555555555557
2015-02-07 08:15:00,80.0
2015-02-07 08:20:00,95.0
2015-02-07 08:25:00,69.0
2015-02-07 08:30:00,87.428571428571431
2015-02-07 08:35:00,89.5
2015-02-07 08:40:00,73.333333333333329
2015-02-07 08:45:00,68.400000000000006
2015-02-07 08:50:00,67.5
2015-02-07 08:55:00,84.0
2015-02-07 09:00:00,71.0
2015-02-07 09:05:00,61.833333333333336
2015-02-07 09:10:00,52.666666666666671
2015-02-07 09:15:00,64.75
2015-02-07 09:20:00,84.0
2015-02-07 09:25:00,66.333333333333329
2015-02-07 09:30:00,59.142857142857146
2015-02-07 09:35:00,59.5
2015-02-07 09:40:00,54.285714285714285
2015-02-07 09:45:00,45.0
2015-02-07 09:50:00,54.333333333333336
2015-02-07 09:55:00,49.0
2015-02-07 10:00:00,57.846153846153847
2015-02-07 10:05:00,62.07692307692308
2015-02-07 10:10:00,66.307692307692307
2015-02-07 10:15:00,62.0625
2015-02-07 10:20:00,72.375
2015-02-07 10:25:00,82.6875
2015-02-07 10:30:00,93.0
2015-02-07 10:35:00,58.333333333333336
2015-02-07 10:40:00,66.666666666666671
2015-02-07 10:45:00,75.0
2015-02-07 10:50:00,62.677419354838712
2015-02-07 10:55:00,68.806451612903231
2015-02-07 11:00:00,74.935483870967744
2015-02-07 11:05:00,81.064516129032256
2015-02-07 11:10:00,87.193548387096769
2015-02-07 11:15:00,93.322580645161281
2015-02-07 11:20:00,78.421052631578945
2015-02-07 11:25:00,70.526315789473685
2015-02-07 11:30:00,62.631578947368425
2015-02-07 11:35:00,54.736842105263158
2015-02-07 11:40:00,51.5
2015-02-07 11:45:00,55.25
2015-02-07 11:50:00,59.0
2015-02-07 11:55:00,60.0
2015-02-07 12:00:00,61.0
2015-02-07 12:05:00,83.0
2015-02-07 12:10:00,82.833333333333329
2015-02-07 12:15:00,82.0
2015-02-07 12:20:00,81.166666666666671
2015-02-07 12:25:00,124.8
2015-02-07 12:30:00,112.64285714285714
2015-02-07 12:35:00,95.857142857142861
2015-02-07 12:40:00,79.071428571428569
2015-02-07 12:45:00,77.0
2015-02-07 12:50:00,75.599999999999994
2015-02-07 12:55:00,96.0
2015-02-07 13:00:00,93.115384615384613
2015-02-07 13:05:00,90.230769230769226
2015-02-07 13:10:00,87.34615384615384
2015-02-07 13:15:00,84.461538461538467
2015-02-07 13:20:00,81.57692307692308
2015-02-07 13:25:00,91.0
2015-02-07 13:30:00,79.857142857142861
2015-02-07 13:35:00,61.399999999999999
2015-02-07 13:40:00,64.666666666666671
2015-02-07 13:45:00,50.0
2015-02-07 13:50:00,48.0
2015-02-07 13:55:00,54.833333333333336
2015-02-07 14:00:00,54.0
2015-02-07 14:05:00,53.166666666666664
2015-02-07 14:10:00,53.571428571428569
2015-02-07 14:15:00,54.285714285714285
2015-02-07 14:20:00,55.0
2015-02-07 14:25:00,57.777777777777779
2015-02-07 14:30:00,56.0
2015-02-07 14:35:00,45.200000000000003
2015-02-07 14:40:00,64.0
2015-02-07 14:45:00,49.0
2015-02-07 14:50:00,43.666666666666664
2015-02-07 14:55:00,45.333333333333336
2015-02-07 15:00:00,43.428571428571431
2015-02-07 15:05:00,40.571428571428569
2015-02-07 15:10:00,42.666666666666664
2015-02-07 15:15:00,46.0
2015-02-07 15:20:00,78.142857142857139
2015-02-07 15:25:00,55.5
2015-02-07 15:30:00,67.571428571428569
2015-02-07 15:35:00,54.0
2015-02-07 15:40:00,51.777777777777779
2015-02-07 15:45:00,47.0
2015-02-07 15:50:00,61.333333333333336
2015-02-07 15:55:00,93.0
2015-02-07 16:00:00,83.3125
2015-02-07 16:05:00,73.625
2015-02-07 16:10:00,63.9375
2015-02-07 16:15:00,212.0
2015-02-07 16:20:00,64.625
2015-02-07 16:25:00,74.0
2015-02-07 16:30:00,63.0
2015-02-07 16:35:00,71.666666666666671
2015-02-07 16:40:00,69.444444444444443
2015-02-07 16:45:00,62.0
2015-02-07 16:50:00,58.666666666666664
2015-02-07 16:55:00,55.333333333333336
2015-02-07 17:00:00,74.25
2015-02-07 17:05:00,84.294117647058826
2015-02-07 17:10:00,88.411764705882348
2015-02-07 17:15:00,92.529411764705884
2015-02-07 17:20:00,74.5
2015-02-07 17:25:00,67.0
2015-02-07 17:30:00,34.333333333333336
2015-02-07 17:35:00,49.25
2015-02-07 17:40:00,67.0
2015-02-07 17:45:00,28.0
2015-02-07 17:50:00,48.833333333333336
2015-02-07 17:55:00,51.142857142857146
2015-02-07 18:00:00,54.0
2015-02-07 18:05:00,42.157894736842103
2015-02-07 18:10:00,41.10526315789474
2015-02-07 18:15:00,40.05263157894737
2015-02-07 18:20:00,39.0
2015-02-07 18:25:00,45.0
2015-02-07 18:30:00,45.0
2015-02-07 18:35:00,45.0
2015-02-07 18:40:00,48.666666666666664
2015-02-07 18:45:00,56.833333333333336
2015-02-07 18:50:00,61.0
2015-02-07 18:55:00,43.0
2015-02-07 19:00:00,49.399999999999999
2015-02-07 19:05:00,48.399999999999999
2015-02-07 19:10:00,47.375
2015-02-07 19:15:00,46.333333333333336
2015-02-07 19:20:00,45.291666666666664
2015-02-07 19:25:00,44.25
2015-02-07 19:30:00,43.208333333333336
2015-02-07 19:35:00,36.5
2015-02-07 19:40:00,34.25
2015-02-07 19:45:00,46.5
2015-02-07 19:50:00,45.25
2015-02-07 19:55:00,50.94736842105263
2015-02-07 20:00:00,62.526315789473685
2015-02-07 20:05:00,74.10526315789474
2015-02-07 20:10:00,85.684210526315795
2015-02-07 20:15:00,71.333333333333329
2015-02-07 20:20:00,50.5
2015-02-07 20:25:00,48.666666666666664
2015-02-07 20:30:00,42.600000000000001
2015-02-07 20:35:00,53.5
2015-02-07 20:40:00,42.200000000000003
2015-02-07 20:45:00,38.0
2015-02-07 20:50:00,45.799999999999997
2015-02-07 20:55:00,74.0
2015-02-07 21:00:00,46.200000000000003
2015-02-07 21:05:00,39.200000000000003
2015-02-07 21:10:00,67.0
2015-02-07 21:15:00,58.875
2015-02-07 21:20:00,50.75
2015-02-07 21:25:00,42.625
2015-02-07 21:30:00,41.333333333333336
2015-02-07 21:35:00,58.0
2015-02-07 21:40:00,41.777777777777779
2015-02-07 21:45:00,44.0
2015-02-07 21:50:00,43.642857142857146
2015-02-07 21:55:00,43.285714285714285
2015-02-07 22:00:00,43.0
2015-02-07 22:05:00,44.111111111111114
2015-02-07 22:10:00,44.299999999999997
2015-02-07 22:15:00,40.799999999999997
2015-02-07 22:20:00,40.0
2015-02-07 22:25:00,50.0
2015-02-07 22:30:00,52.0
2015-02-07 22:35:00,34.200000000000003
2015-02-07 22:40:00,34.700000000000003
2015-02-07 22:45:00,46.0
2015-02-07 22:50:00,38.857142857142854
2015-02-07 22:55:00,31.0
2015-02-07 23:00:00,41.600000000000001
2015-02-07 23:05:00,38.100000000000001
2015-02-07 23:10:00,34.600000000000001
2015-02-07 23:15:00,31.100000000000001
2015-02-07 23:20:00,35.799999999999997
2015-02-07 23:25:00,33.5
2015-02-07 23:30:00,51.0
2015-02-07 23:35:00,70.0
2015-02-07 23:40:00,95.0
2015-02-07 23:45:00,72.36363636363636
2015-02-07 23:50:00,64.63636363636364
2015-02-07 23:55:00,65.5
2015-02-08 00:00:00,46.333333333333336
2015-02-08 00:05:00,43.0
2015-02-08 00:10:00,34.799999999999997
2015-02-08 00:15:00,44.299999999999997
2015-02-08 00:20:00,46.285714285714285
2015-02-08 00:25:00,37.0
2015-02-08 00:30:00,50.0
2015-02-08 00:35:00,59.0
2015-02-08 00:40:00,64.0
2015-02-08 00:45:00,33.0
2015-02-08 00:50:00,60.833333333333336
2015-02-08 00:55:00,50.0
2015-02-08 01:00:00,47.799999999999997
2015-02-08 01:05:00,45.600000000000001
2015-02-08 01:10:00,43.399999999999999
2015-02-08 01:15:00,41.200000000000003
2015-02-08 01:20:00,39.0
2015-02-08 01:25:00,63.0
2015-02-08 01:30:00,56.454545454545453
2015-02-08 01:35:00,55.545454545454547
2015-02-08 01:40:00,41.666666666666664
2015-02-08 01:45:00,88.0
2015-02-08 01:50:00,59.5
2015-02-08 01:55:00,31.0
2015-02-08 02:00:00,60.0
2015-02-08 02:05:00,60.789473684210527
2015-02-08 02:10:00,55.263157894736842
2015-02-08 02:15:00,49.736842105263158
2015-02-08 02:20:00,44.210526315789473
2015-02-08 02:25:00,45.428571428571431
2015-02-08 02:30:00,49.333333333333336
2015-02-08 02:35:00,42.0
2015-02-08 02:40:00,47.666666666666664
2015-02-08 02:45:00,49.25
2015-02-08 02:50:00,66.200000000000003
2015-02-08 02:55:00,66.400000000000006
2015-02-08 03:00:00,72.0
2015-02-08 03:05:00,49.0
2015-02-08 03:10:00,45.666666666666664
2015-02-08 03:15:00,43.285714285714285
2015-02-08 03:20:00,84.0
2015-02-08 03:25:00,77.666666666666671
2015-02-08 03:30:00,72.0
2015-02-08 03:35:00,55.0
2015-02-08 03:40:00,44.200000000000003
2015-02-08 03:45:00,47.25
2015-02-08 03:50:00,60.857142857142861
2015-02-08 03:55:00,43.0
2015-02-08 04:00:00,63.6875
2015-02-08 04:05:00,57.125
2015-02-08 04:10:00,50.5625
2015-02-08 04:15:00,44.0
2015-02-08 04:20:00,47.666666666666664
2015-02-08 04:25:00,54.75
2015-02-08 04:30:00,57.666666666666664
2015-02-08 04:35:00,42.0
2015-02-08 04:40:00,48.272727272727273
2015-02-08 04:45:00,57.36363636363636
2015-02-08 04:50:00,58.0
2015-02-08 04:55:00,58.5
2015-02-08 05:00:00,73.0
2015-02-08 05:05:00,58.625
2015-02-08 05:10:00,59.0
2015-02-08 05:15:00,64.428571428571431
2015-02-08 05:20:00,66.214285714285708
2015-02-08 05:25:00,68.0
2015-02-08 05:30:00,68.200000000000003
2015-02-08 05:35:00,51.799999999999997
2015-02-08 05:40:00,53.285714285714285
2015-02-08 05:45:00,69.0
2015-02-08 05:50:00,65.666666666666671
2015-02-08 05:55:00,67.066666666666663
2015-02-08 06:00:00,67.400000000000006
2015-02-08 06:05:00,67.733333333333334
2015-02-08 06:10:00,68.066666666666663
2015-02-08 06:15:00,68.400000000000006
2015-02-08 06:20:00,68.733333333333334
2015-02-08 06:25:00,84.666666666666671
2015-02-08 06:30:00,98.599999999999994
2015-02-08 06:35:00,141.0
2015-02-08 06:40:00,77.666666666666671
2015-02-08 06:45:00,100.8
2015-02-08 06:50:00,91.0
2015-02-08 06:55:00,119.0
2015-02-08 07:00:00,94.0
2015-02-08 07:05:00,86.777777777777771
2015-02-08 07:10:00,79.555555555555557
2015-02-08 07:15:00,72.333333333333329
2015-02-08 07:20:00,82.0
2015-02-08 07:25:00,105.83333333333333
2015-02-08 07:30:00,70.0
2015-02-08 07:35:00,75.0
2015-02-08 07:40:00,81.833333333333329
2015-02-08 07:45:00,73.916666666666671
2015-02-08 07:50:00,66.0
2015-02-08 07:55:00,75.285714285714292
2015-02-08 08:00:00,81.0
2015-02-08 08:05:00,69.3125
2015-02-08 08:10:00,61.5
2015-02-08 08:15:00,53.6875
2015-02-08 08:20:00,105.0
2015-02-08 08:25:00,90.25
2015-02-08 08:30:00,73.375
2015-02-08 08:35:00,53.0
2015-02-08 08:40:00,68.0
2015-02-08 08:45:00,79.5
2015-02-08 08:50:00,84.333333333333329
2015-02-08 08:55:00,71.0
2015-02-08 09:00:00,54.0
2015-02-08 09:05:00,65.142857142857139
2015-02-08 09:10:00,70.5
2015-02-08 09:15:00,75.857142857142861
2015-02-08 09:20:00,71.666666666666671
2015-02-08 09:25:00,61.111111111111114
2015-02-08 09:30:00,65.0
2015-02-08 09:35:00,85.0
2015-02-08 09:40:00,65.799999999999997
2015-02-08 09:45:00,96.0
2015-02-08 09:50:00,83.0
2015-02-08 09:55:00,70.0
2015-02-08 10:00:00,70.0
2015-02-08 10:05:00,62.0
2015-02-08 10:10:00,57.789473684210527
2015-02-08 10:15:00,53.578947368421055
2015-02-08 10:20:00,49.368421052631575
2015-02-08 10:25:00,47.0
2015-02-08 10:30:00,49.0
2015-02-08 10:35:00,74.200000000000003
2015-02-08 10:40:00,74.0
2015-02-08 10:45:00,45.75
2015-02-08 10:50:00,44.0
2015-02-08 10:55:00,61.666666666666664
2015-02-08 11:00:00,65.400000000000006
2015-02-08 11:05:00,60.444444444444443
2015-02-08 11:10:00,61.555555555555557
2015-02-08 11:15:00,63.399999999999999
2015-02-08 11:20:00,65.733333333333334
2015-02-08 11:25:00,68.066666666666663
2015-02-08 11:30:00,66.0
2015-02-08 11:35:00,61.0
2015-02-08 11:40:00,84.0
2015-02-08 11:45:00,73.5
2015-02-08 11:50:00,70.799999999999997
2015-02-08 11:55:00,45.0
2015-02-08 12:00:00,93.0
2015-02-08 12:05:00,89.875
2015-02-08 12:10:00,79.599999999999994
2015-02-08 12:15:00,65.222222222222229
2015-02-08 12:20:00,60.777777777777779
2015-02-08 12:25:00,56.333333333333336
2015-02-08 12:30:00,51.888888888888886
2015-02-08 12:35:00,53.857142857142854
2015-02-08 12:40:00,46.0
2015-02-08 12:45:00,46.200000000000003
2015-02-08 12:50:00,63.0
2015-02-08 12:55:00,42.25
2015-02-08 13:00:00,43.75
2015-02-08 13:05:00,60.625
2015-02-08 13:10:00,42.0
2015-02-08 13:15:00,48.25
2015-02-08 13:20:00,51.333333333333336
2015-02-08 13:25:00,48.166666666666664
2015-02-08 13:30:00,39.0
2015-02-08 13:35:00,38.230769230769234
2015-02-08 13:40:00,37.46153846153846
2015-02-08 13:45:00,53.0
2015-02-08 13:50:00,74.090909090909093
2015-02-08 13:55:00,64.545454545454547
2015-02-08 14:00:00,55.0
2015-02-08 14:05:00,94.0
2015-02-08 14:10:00,90.05263157894737
2015-02-08 14:15:00,86.10526315789474
2015-02-08 14:20:00,82.15789473684211
2015-02-08 14:25:00,72.799999999999997
2015-02-08 14:30:00,120.0
2015-02-08 14:35:00,75.0
2015-02-08 14:40:00,62.200000000000003
2015-02-08 14:45:00,70.5
2015-02-08 14:50:00,61.200000000000003
2015-02-08 14:55:00,76.0
2015-02-08 15:00:00,82.0
2015-02-08 15:05:00,90.0
2015-02-08 15:10:00,81.799999999999997
2015-02-08 15:15:00,69.799999999999997
2015-02-08 15:20:00,66.909090909090907
2015-02-08 15:25:00,70.090909090909093
2015-02-08 15:30:00,69.0
2015-02-08 15:35:00,61.058823529411768
2015-02-08 15:40:00,61.352941176470587
2015-02-08 15:45:00,61.647058823529413
2015-02-08 15:50:00,61.941176470588232
2015-02-08 15:55:00,38.799999999999997
2015-02-08 16:00:00,55.684210526315788
2015-02-08 16:05:00,54.10526315789474
2015-02-08 16:10:00,52.526315789473685
2015-02-08 16:15:00,50.94736842105263
2015-02-08 16:20:00,49.545454545454547
2015-02-08 16:25:00,48.409090909090907
2015-02-08 16:30:00,47.272727272727273
2015-02-08 16:35:00,46.13636363636364
2015-02-08 16:40:00,45.0
2015-02-08 16:45:00,64.25
2015-02-08 16:50:00,55.5
2015-02-08 16:55:00,74.5
2015-02-08 17:00:00,49.333333333333336
2015-02-08 17:05:00,49.782608695652172
2015-02-08 17:10:00,48.260869565217391
2015-02-08 17:15:00,46.739130434782609
2015-02-08 17:20:00,45.217391304347828
2015-02-08 17:25:00,54.5
2015-02-08 17:30:00,42.600000000000001
2015-02-08 17:35:00,44.0
2015-02-08 17:40:00,64.666666666666671
2015-02-08 17:45:00,60.600000000000001
2015-02-08 17:50:00,46.600000000000001
2015-02-08 17:55:00,54.285714285714285
2015-02-08 18:00:00,70.849999999999994
2015-02-08 18:05:00,65.099999999999994
2015-02-08 18:10:00,59.350000000000001
2015-02-08 18:15:00,53.600000000000001
2015-02-08 18:20:00,48.600000000000001
2015-02-08 18:25:00,46.600000000000001
2015-02-08 18:30:00,44.600000000000001
2015-02-08 18:35:00,38.0
2015-02-08 18:40:00,30.0
2015-02-08 18:45:00,48.0
2015-02-08 18:50:00,37.0
2015-02-08 18:55:00,69.368421052631575
2015-02-08 19:00:00,66.21052631578948
2015-02-08 19:05:00,63.05263157894737
2015-02-08 19:10:00,59.89473684210526
2015-02-08 19:15:00,40.0
2015-02-08 19:20:00,39.25
2015-02-08 19:25:00,66.0
2015-02-08 19:30:00,62.0
2015-02-08 19:35:00,56.200000000000003
2015-02-08 19:40:00,40.75
2015-02-08 19:45:00,83.0
2015-02-08 19:50:00,55.333333333333336
2015-02-08 19:55:00,57.555555555555557
2015-02-08 20:00:00,42.333333333333336
2015-02-08 20:05:00,44.5
2015-02-08 20:10:00,85.666666666666671
2015-02-08 20:15:00,64.0
2015-02-08 20:20:00,56.857142857142854
2015-02-08 20:25:00,66.142857142857139
2015-02-08 20:30:00,60.571428571428569
2015-02-08 20:35:00,63.75
2015-02-08 20:40:00,62.857142857142854
2015-02-08 20:45:00,70.0
2015-02-08 20:50:00,59.0
2015-02-08 20:55:00,61.0
2015-02-08 21:00:00,58.0
2015-02-08 21:05:00,51.333333333333336
2015-02-08 21:10:00,51.647058823529413
2015-02-08 21:15:00,53.705882352941174
2015-02-08 21:20:00,55.764705882352942
2015-02-08 21:25:00,46.333333333333336
2015-02-08 21:30:00,69.142857142857139
2015-02-08 21:35:00,64.857142857142861
2015-02-08 21:40:00,56.470588235294116
2015-02-08 21:45:00,47.058823529411768
2015-02-08 21:50:00,37.647058823529413
2015-02-08 21:55:00,34.0
2015-02-08 22:00:00,40.0
2015-02-08 22:05:00,41.333333333333336
2015-02-08 22:10:00,42.666666666666664
2015-02-08 22:15:00,44.0
2015-02-08 22:20:00,48.0
2015-02-08 22:25:00,56.0
2015-02-08 22:30:00,54.25
2015-02-08 22:35:00,52.5
2015-02-08 22:40:00,50.75
2015-02-08 22:45:00,49.0
2015-02-08 22:50:00,39.0
2015-02-08 22:55:00,39.0
2015-02-08 23:00:00,38.0
2015-02-08 23:05:00,45.727272727272727
2015-02-08 23:10:00,53.454545454545453
2015-02-08 23:15:00,61.18181818181818
2015-02-08 23:20:00,68.909090909090907
2015-02-08 23:25:00,64.285714285714278
2015-02-08 23:30:00,54.0
2015-02-08 23:35:00,42.799999999999997
2015-02-08 23:40:00,83.0
2015-02-08 23:45:00,67.5
2015-02-08 23:50:00,70.0
2015-02-08 23:55:00,65.833333333333329
2015-02-09 00:00:00,62.0
2015-02-09 00:05:00,53.384615384615387
2015-02-09 00:10:00,70.307692307692307
2015-02-09 00:15:00,87.230769230769226
2015-02-09 00:20:00,83.5
2015-02-09 00:25:00,66.0
2015-02-09 00:30:00,50.777777777777779
2015-02-09 00:35:00,50.222222222222221
2015-02-09 00:40:00,53.0
2015-02-09 00:45:00,32.875
2015-02-09 00:50:00,37.25
2015-02-09 00:55:00,50.0
2015-02-09 01:00:00,55.0
2015-02-09 01:05:00,55.0
2015-02-09 01:10:00,48.399999999999999
2015-02-09 01:15:00,37.399999999999999
2015-02-09 01:20:00,41.714285714285715
2015-02-09 01:25:00,45.285714285714285
2015-02-09 01:30:00,67.0
2015-02-09 01:35:00,67.0
2015-02-09 01:40:00,53.75
2015-02-09 01:45:00,95.285714285714292
2015-02-09 01:50:00,51.714285714285722
2015-02-09 01:55:00,37.18181818181818
2015-02-09 02:00:00,29.909090909090907
2015-02-09 02:05:00,68.0
2015-02-09 02:10:00,54.666666666666671
2015-02-09 02:15:00,56.0
2015-02-09 02:20:00,47.5
2015-02-09 02:25:00,50.0
2015-02-09 02:30:00,62.0
2015-02-09 02:35:00,69.0
2015-02-09 02:40:00,70.75
2015-02-09 02:45:00,58.0
2015-02-09 02:50:00,54.399999999999999
2015-02-09 02:55:00,61.666666666666664
2015-02-09 03:00:00,60.272727272727273
2015-02-09 03:05:00,45.727272727272727
2015-02-09 03:10:00,50.272727272727273
2015-02-09 03:15:00,51.636363636363633
2015-02-09 03:20:00,53.0
2015-02-09 03:25:00,61.571428571428569
2015-02-09 03:30:00,64.0
2015-02-09 03:35:00,64.285714285714292
2015-02-09 03:40:00,52.333333333333336
2015-02-09 03:45:00,59.0
2015-02-09 03:50:00,60.0
2015-02-09 03:55:00,52.666666666666664
2015-02-09 04:00:00,58.333333333333329
2015-02-09 04:05:00,72.222222222222229
2015-02-09 04:10:00,59.0
2015-02-09 04:15:00,57.0
2015-02-09 04:20:00,73.5
2015-02-09 04:25:00,80.0
2015-02-09 04:30:00,66.0
2015-02-09 04:35:00,85.0
2015-02-09 04:40:00,75.0
2015-02-09 04:45:00,68.5
2015-02-09 04:50:00,58.0
2015-02-09 04:55:00,58.0
2015-02-09 05:00:00,58.0
2015-02-09 05:05:00,58.0
2015-02-09 05:10:00,58.0
2015-02-09 05:15:00,58.0
2015-02-09 05:20:00,58.0
2015-02-09 05:25:00,58.0
2015-02-09 05:30:00,57.5
2015-02-09 05:35:00,51.799999999999997
2015-02-09 05:40:00,45.200000000000003
2015-02-09 05:45:00,48.200000000000003
2015-02-09 05:50:00,64.0
2015-02-09 05:55:00,75.666666666666671
2015-02-09 06:00:00,87.333333333333343
2015-02-09 06:05:00,85.428571428571431
2015-02-09 06:10:00,74.476190476190482
2015-02-09 06:15:00,63.523809523809518
2015-02-09 06:20:00,52.571428571428569
2015-02-09 06:25:00,66.5
2015-02-09 06:30:00,78.0
2015-02-09 06:35:00,90.727272727272734
2015-02-09 06:40:00,89.36363636363636
2015-02-09 06:45:00,88.0
2015-02-09 06:50:00,77.0
2015-02-09 06:55:00,109.0
2015-02-09 07:00:00,77.75
2015-02-09 07:05:00,62.529411764705884
2015-02-09 07:10:00,71.35294117647058
2015-02-09 07:15:00,80.17647058823529
2015-02-09 07:20:00,89.0
2015-02-09 07:25:00,76.083333333333329
2015-02-09 07:30:00,63.166666666666664
2015-02-09 07:35:00,65.799999999999997
2015-02-09 07:40:00,73.25
2015-02-09 07:45:00,89.75
2015-02-09 07:50:00,96.0
2015-02-09 07:55:00,71.0
2015-02-09 08:00:00,81.5
2015-02-09 08:05:00,84.0
2015-02-09 08:10:00,79.0
2015-02-09 08:15:00,82.666666666666671
2015-02-09 08:20:00,111.0
2015-02-09 08:25:00,118.0
2015-02-09 08:30:00,81.333333333333343
2015-02-09 08:35:00,98.0
2015-02-09 08:40:00,107.28571428571428
2015-02-09 08:45:00,127.41666666666667
2015-02-09 08:50:00,119.5
2015-02-09 08:55:00,111.58333333333334
2015-02-09 09:00:00,55.0
2015-02-09 09:05:00,77.857142857142861
2015-02-09 09:10:00,80.0
2015-02-09 09:15:00,88.125
2015-02-09 09:20:00,94.333333333333329
2015-02-09 09:25:00,88.0
2015-02-09 09:30:00,83.0
2015-02-09 09:35:00,65.0
2015-02-09 09:40:00,87.0
2015-02-09 09:45:00,93.857142857142861
2015-02-09 09:50:00,95.285714285714292
2015-02-09 09:55:00,96.714285714285708
2015-02-09 10:00:00,98.142857142857139
2015-02-09 10:05:00,99.571428571428569
2015-02-09 10:10:00,101.0
2015-02-09 10:15:00,85.73684210526315
2015-02-09 10:20:00,70.473684210526315
2015-02-09 10:25:00,55.210526315789473
2015-02-09 10:30:00,58.666666666666664
2015-02-09 10:35:00,76.799999999999997
2015-02-09 10:40:00,93.0
2015-02-09 10:45:00,80.0
2015-02-09 10:50:00,55.0
2015-02-09 10:55:00,96.0
2015-02-09 11:00:00,91.625
2015-02-09 11:05:00,79.0
2015-02-09 11:10:00,82.571428571428569
2015-02-09 11:15:00,73.0
2015-02-09 11:20:00,300.0
2015-02-09 11:25:00,193.63636363636363
2015-02-09 11:30:00,87.272727272727252
2015-02-09 11:35:00,85.0
2015-02-09 11:40:00,120.0
2015-02-09 11:45:00,236.0
2015-02-09 11:50:00,98.0
2015-02-09 11:55:00,84.333333333333329
2015-02-09 12:00:00,102.52941176470588
2015-02-09 12:05:00,91.35294117647058
2015-02-09 12:10:00,80.17647058823529
2015-02-09 12:15:00,69.0
2015-02-09 12:20:00,70.5
2015-02-09 12:25:00,56.0
2015-02-09 12:30:00,68.333333333333329
2015-02-09 12:35:00,80.25
2015-02-09 12:40:00,74.5
2015-02-09 12:45:00,65.75
2015-02-09 12:50:00,60.799999999999997
2015-02-09 12:55:00,46.399999999999999
2015-02-09 13:00:00,65.181818181818187
2015-02-09 13:05:00,92.909090909090907
2015-02-09 13:10:00,79.375
2015-02-09 13:15:00,90.3125
2015-02-09 13:20:00,101.25
2015-02-09 13:25:00,104.2
2015-02-09 13:30:00,79.0
2015-02-09 13:35:00,88.285714285714292
2015-02-09 13:40:00,86.333333333333329
2015-02-09 13:45:00,77.0
2015-02-09 13:50:00,72.5
2015-02-09 13:55:00,72.285714285714292
2015-02-09 14:00:00,67.285714285714292
2015-02-09 14:05:00,58.0
2015-02-09 14:10:00,52.333333333333336
2015-02-09 14:15:00,46.666666666666671
2015-02-09 14:20:00,41.0
2015-02-09 14:25:00,60.0
2015-02-09 14:30:00,79.0
2015-02-09 14:35:00,49.5
2015-02-09 14:40:00,42.0
2015-02-09 14:45:00,62.454545454545453
2015-02-09 14:50:00,61.545454545454547
2015-02-09 14:55:00,49.100000000000001
2015-02-09 15:00:00,39.600000000000001
2015-02-09 15:05:00,37.5
2015-02-09 15:10:00,65.0
2015-02-09 15:15:00,60.625
2015-02-09 15:20:00,78.75
2015-02-09 15:25:00,63.0
2015-02-09 15:30:00,77.0
2015-02-09 15:35:00,54.0
2015-02-09 15:40:00,89.599999999999994
2015-02-09 15:45:00,103.0
2015-02-09 15:50:00,61.0
2015-02-09 15:55:00,101.0
2015-02-09 16:00:00,80.0
2015-02-09 16:05:00,70.5
2015-02-09 16:10:00,61.0
2015-02-09 16:15:00,58.666666666666664
2015-02-09 16:20:00,56.333333333333336
2015-02-09 16:25:00,54.0
2015-02-09 16:30:00,53.375
2015-02-09 16:35:00,60.0
2015-02-09 16:40:00,53.0
2015-02-09 16:45:00,42.5
2015-02-09 16:50:00,77.0
2015-02-09 16:55:00,67.0
2015-02-09 17:00:00,54.0
2015-02-09 17:05:00,49.0
2015-02-09 17:10:00,45.36363636363636
2015-02-09 17:15:00,41.727272727272727
2015-02-09 17:20:00,37.571428571428569
2015-02-09 17:25:00,38.777777777777779
2015-02-09 17:30:00,48.222222222222221
2015-02-09 17:35:00,74.666666666666671
2015-02-09 17:40:00,48.799999999999997
2015-02-09 17:45:00,49.5
2015-02-09 17:50:00,48.0
2015-02-09 17:55:00,55.700000000000003
2015-02-09 18:00:00,70.200000000000003
2015-02-09 18:05:00,75.25
2015-02-09 18:10:00,74.0
2015-02-09 18:15:00,35.25
2015-02-09 18:20:00,44.0
2015-02-09 18:25:00,73.0
2015-02-09 18:30:00,55.777777777777779
2015-02-09 18:35:00,34.0
2015-02-09 18:40:00,29.0
2015-02-09 18:45:00,63.0
2015-02-09 18:50:00,62.666666666666664
2015-02-09 18:55:00,46.0
2015-02-09 19:00:00,70.0
2015-02-09 19:05:00,92.333333333333329
2015-02-09 19:10:00,46.0
2015-02-09 19:15:00,97.25
2015-02-09 19:20:00,60.375
2015-02-09 19:25:00,58.142857142857146
2015-02-09 19:30:00,61.07692307692308
2015-02-09 19:35:00,58.769230769230766
2015-02-09 19:40:00,56.46153846153846
2015-02-09 19:45:00,56.0
2015-02-09 19:50:00,46.0
2015-02-09 19:55:00,45.571428571428569
2015-02-09 20:00:00,52.571428571428569
2015-02-09 20:05:00,54.0
2015-02-09 20:10:00,56.142857142857146
2015-02-09 20:15:00,64.200000000000003
2015-02-09 20:20:00,57.0
2015-02-09 20:25:00,82.0
2015-02-09 20:30:00,37.0
2015-02-09 20:35:00,71.0
2015-02-09 20:40:00,62.666666666666664
2015-02-09 20:45:00,67.666666666666671
2015-02-09 20:50:00,55.666666666666664
2015-02-09 20:55:00,67.5
2015-02-09 21:00:00,74.0
2015-02-09 21:05:00,79.0
2015-02-09 21:10:00,84.0
2015-02-09 21:15:00,50.0
2015-02-09 21:20:00,70.0
2015-02-09 21:25:00,52.5
2015-02-09 21:30:00,41.0
2015-02-09 21:35:00,50.0
2015-02-09 21:40:00,61.0
2015-02-09 21:45:00,51.0
2015-02-09 21:50:00,66.400000000000006
2015-02-09 21:55:00,84.400000000000006
2015-02-09 22:00:00,64.0
2015-02-09 22:05:00,58.722222222222221
2015-02-09 22:10:00,53.444444444444443
2015-02-09 22:15:00,48.166666666666664
2015-02-09 22:20:00,39.5
2015-02-09 22:25:00,35.571428571428569
2015-02-09 22:30:00,42.0
2015-02-09 22:35:00,47.0
2015-02-09 22:40:00,44.399999999999999
2015-02-09 22:45:00,27.714285714285715
2015-02-09 22:50:00,36.285714285714285
2015-02-09 22:55:00,32.5
2015-02-09 23:00:00,33.333333333333336
2015-02-09 23:05:00,44.166666666666664
2015-02-09 23:10:00,55.0
2015-02-09 23:15:00,45.0
2015-02-09 23:20:00,37.0
2015-02-09 23:25:00,36.833333333333336
2015-02-09 23:30:00,41.555555555555557
2015-02-09 23:35:00,46.277777777777779
2015-02-09 23:40:00,51.0
2015-02-09 23:45:00,34.375
2015-02-09 23:50:00,56.25
2015-02-09 23:55:00,67.0
2015-02-10 00:00:00,58.666666666666664
2015-02-10 00:05:00,92.857142857142861
2015-02-10 00:10:00,68.666666666666657
2015-02-10 00:15:00,37.0
2015-02-10 00:20:00,43.0
2015-02-10 00:25:00,92.0
2015-02-10 00:30:00,70.0
2015-02-10 00:35:00,48.0
2015-02-10 00:40:00,67.125
2015-02-10 00:45:00,42.75
2015-02-10 00:50:00,36.600000000000001
2015-02-10 00:55:00,39.75
2015-02-10 01:00:00,56.0
2015-02-10 01:05:00,53.692307692307693
2015-02-10 01:10:00,51.384615384615387
2015-02-10 01:15:00,69.0
2015-02-10 01:20:00,66.0
2015-02-10 01:25:00,80.333333333333329
2015-02-10 01:30:00,77.0
2015-02-10 01:35:00,69.0
2015-02-10 01:40:00,56.5
2015-02-10 01:45:00,85.0
2015-02-10 01:50:00,77.5
2015-02-10 01:55:00,63.399999999999999
2015-02-10 02:00:00,61.0
2015-02-10 02:05:00,53.352941176470587
2015-02-10 02:10:00,46.294117647058826
2015-02-10 02:15:00,39.235294117647058
2015-02-10 02:20:00,61.5
2015-02-10 02:25:00,57.157894736842103
2015-02-10 02:30:00,50.05263157894737
2015-02-10 02:35:00,42.94736842105263
2015-02-10 02:40:00,35.84210526315789
2015-02-10 02:45:00,45.600000000000001
2015-02-10 02:50:00,84.75
2015-02-10 02:55:00,81.400000000000006
2015-02-10 03:00:00,84.0
2015-02-10 03:05:00,84.900000000000006
2015-02-10 03:10:00,81.400000000000006
2015-02-10 03:15:00,67.0
2015-02-10 03:20:00,67.333333333333329
2015-02-10 03:25:00,69.0
2015-02-10 03:30:00,65.0
2015-02-10 03:35:00,55.0
2015-02-10 03:40:00,66.0
2015-02-10 03:45:00,71.5
2015-02-10 03:50:00,72.0
2015-02-10 03:55:00,67.0
2015-02-10 04:00:00,69.0
2015-02-10 04:05:00,77.75
2015-02-10 04:10:00,89.0
2015-02-10 04:15:00,78.272727272727266
2015-02-10 04:20:00,61.454545454545453
2015-02-10 04:25:00,51.222222222222221
2015-02-10 04:30:00,67.333333333333343
2015-02-10 04:35:00,77.0
2015-02-10 04:40:00,59.200000000000003
2015-02-10 04:45:00,85.571428571428569
2015-02-10 04:50:00,58.428571428571431
2015-02-10 04:55:00,63.0
2015-02-10 05:00:00,59.285714285714285
2015-02-10 05:05:00,54.0
2015-02-10 05:10:00,68.0
2015-02-10 05:15:00,73.315789473684205
2015-02-10 05:20:00,63.842105263157897
2015-02-10 05:25:00,54.368421052631575
2015-02-10 05:30:00,44.894736842105267
2015-02-10 05:35:00,61.181818181818187
2015-02-10 05:40:00,83.909090909090907
2015-02-10 05:45:00,85.0
2015-02-10 05:50:00,93.214285714285708
2015-02-10 05:55:00,101.42857142857143
2015-02-10 06:00:00,109.64285714285714
2015-02-10 06:05:00,117.85714285714286
2015-02-10 06:10:00,126.07142857142857
2015-02-10 06:15:00,123.8
2015-02-10 06:20:00,87.0
2015-02-10 06:25:00,90.0
2015-02-10 06:30:00,122.25
2015-02-10 06:35:00,102.71428571428571
2015-02-10 06:40:00,116.28571428571428
2015-02-10 06:45:00,103.66666666666667
2015-02-10 06:50:00,89.0
2015-02-10 06:55:00,83.0
2015-02-10 07:00:00,115.0
2015-02-10 07:05:00,112.0
2015-02-10 07:10:00,109.0
2015-02-10 07:15:00,106.0
2015-02-10 07:20:00,75.666666666666671
2015-02-10 07:25:00,82.333333333333329
2015-02-10 07:30:00,92.857142857142861
2015-02-10 07:35:00,82.5
2015-02-10 07:40:00,72.142857142857139
2015-02-10 07:45:00,81.5
2015-02-10 07:50:00,84.0
2015-02-10 07:55:00,95.25
2015-02-10 08:00:00,105.66666666666667
2015-02-10 08:05:00,97.5
2015-02-10 08:10:00,89.0
2015-02-10 08:15:00,99.0
2015-02-10 08:20:00,99.400000000000006
2015-02-10 08:25:00,115.40000000000001
2015-02-10 08:30:00,119.2
2015-02-10 08:35:00,104.7
2015-02-10 08:40:00,121.0
2015-02-10 08:45:00,92.0
2015-02-10 08:50:00,103.0
2015-02-10 08:55:00,107.0
2015-02-10 09:00:00,99.0
2015-02-10 09:05:00,102.33333333333333
2015-02-10 09:10:00,84.5
2015-02-10 09:15:00,87.25
2015-02-10 09:20:00,98.0
2015-02-10 09:25:00,132.0
2015-02-10 09:30:00,95.799999999999997
2015-02-10 09:35:00,86.5
2015-02-10 09:40:00,97.75
2015-02-10 09:45:00,84.0
2015-02-10 09:50:00,86.0
2015-02-10 09:55:00,101.0
2015-02-10 10:00:00,118.88888888888889
2015-02-10 10:05:00,88.333333333333343
2015-02-10 10:10:00,58.5
2015-02-10 10:15:00,60.285714285714285
2015-02-10 10:20:00,74.333333333333329
2015-02-10 10:25:00,82.0
2015-02-10 10:30:00,107.0
2015-02-10 10:35:00,132.0
2015-02-10 10:40:00,107.0
2015-02-10 10:45:00,102.0
2015-02-10 10:50:00,109.95652173913044
2015-02-10 10:55:00,98.217391304347828
2015-02-10 11:00:00,86.478260869565219
2015-02-10 11:05:00,74.739130434782595
2015-02-10 11:10:00,63.0
2015-02-10 11:15:00,62.545454545454547
2015-02-10 11:20:00,62.090909090909093
2015-02-10 11:25:00,45.0
2015-02-10 11:30:00,63.666666666666664
2015-02-10 11:35:00,73.111111111111114
2015-02-10 11:40:00,83.888888888888886
2015-02-10 11:45:00,95.0
2015-02-10 11:50:00,78.571428571428569
2015-02-10 11:55:00,80.0
2015-02-10 12:00:00,84.545454545454547
2015-02-10 12:05:00,82.272727272727266
2015-02-10 12:10:00,80.0
2015-02-10 12:15:00,63.0
2015-02-10 12:20:00,75.5
2015-02-10 12:25:00,83.0
2015-02-10 12:30:00,46.0
2015-02-10 12:35:00,90.0
2015-02-10 12:40:00,73.0
2015-02-10 12:45:00,80.333333333333329
2015-02-10 12:50:00,81.0
2015-02-10 12:55:00,77.0
2015-02-10 13:00:00,76.285714285714292
2015-02-10 13:05:00,77.0
2015-02-10 13:10:00,97.625
2015-02-10 13:15:00,87.0
2015-02-10 13:20:00,109.33333333333333
2015-02-10 13:25:00,103.22222222222223
2015-02-10 13:30:00,90.0
2015-02-10 13:35:00,81.333333333333329
2015-02-10 13:40:00,89.5
2015-02-10 13:45:00,91.5
2015-02-10 13:50:00,91.333333333333329
2015-02-10 13:55:00,63.0
2015-02-10 14:00:00,98.36363636363636
2015-02-10 14:05:00,89.27272727272728
2015-02-10 14:10:00,56.0
2015-02-10 14:15:00,42.36363636363636
2015-02-10 14:20:00,57.818181818181813
2015-02-10 14:25:00,50.0
2015-02-10 14:30:00,61.5
2015-02-10 14:35:00,59.0
2015-02-10 14:40:00,56.333333333333336
2015-02-10 14:45:00,95.0
2015-02-10 14:50:00,76.666666666666671
2015-02-10 14:55:00,97.777777777777771
2015-02-10 15:00:00,97.333333333333329
2015-02-10 15:05:00,102.0
2015-02-10 15:10:00,95.888888888888886
2015-02-10 15:15:00,86.0
2015-02-10 15:20:00,86.777777777777771
2015-02-10 15:25:00,94.0
2015-02-10 15:30:00,76.428571428571431
2015-02-10 15:35:00,60.0
2015-02-10 15:40:00,75.0
2015-02-10 15:45:00,74.0
2015-02-10 15:50:00,69.142857142857139
2015-02-10 15:55:00,59.857142857142861
2015-02-10 16:00:00,55.53846153846154
2015-02-10 16:05:00,52.46153846153846
2015-02-10 16:10:00,49.666666666666664
2015-02-10 16:15:00,53.090909090909093
2015-02-10 16:20:00,59.909090909090907
2015-02-10 16:25:00,72.0
2015-02-10 16:30:00,68.333333333333329
2015-02-10 16:35:00,53.5
2015-02-10 16:40:00,51.399999999999999
2015-02-10 16:45:00,57.0
2015-02-10 16:50:00,62.0
2015-02-10 16:55:00,64.5
2015-02-10 17:00:00,60.666666666666664
2015-02-10 17:05:00,62.333333333333336
2015-02-10 17:10:00,46.0
2015-02-10 17:15:00,57.666666666666664
2015-02-10 17:20:00,19.0
2015-02-10 17:25:00,55.0
2015-02-10 17:30:00,56.5
2015-02-10 17:35:00,51.0
2015-02-10 17:40:00,41.0
2015-02-10 17:45:00,53.692307692307693
2015-02-10 17:50:00,66.384615384615387
2015-02-10 17:55:00,80.666666666666671
2015-02-10 18:00:00,76.0
2015-02-10 18:05:00,74.461538461538467
2015-02-10 18:10:00,60.230769230769226
2015-02-10 18:15:00,46.0
2015-02-10 18:20:00,38.666666666666664
2015-02-10 18:25:00,32.0
2015-02-10 18:30:00,58.818181818181813
2015-02-10 18:35:00,85.636363636363626
2015-02-10 18:40:00,63.222222222222221
2015-02-10 18:45:00,48.777777777777779
2015-02-10 18:50:00,49.0
2015-02-10 18:55:00,59.0
2015-02-10 19:00:00,63.1875
2015-02-10 19:05:00,63.5
2015-02-10 19:10:00,63.8125
2015-02-10 19:15:00,58.399999999999999
2015-02-10 19:20:00,48.0
2015-02-10 19:25:00,75.0
2015-02-10 19:30:00,57.0
2015-02-10 19:35:00,35.571428571428569
2015-02-10 19:40:00,52.0
2015-02-10 19:45:00,40.0
2015-02-10 19:50:00,48.0
2015-02-10 19:55:00,56.0
2015-02-10 20:00:00,63.0
2015-02-10 20:05:00,49.571428571428569
2015-02-10 20:10:00,36.333333333333336
2015-02-10 20:15:00,60.0
2015-02-10 20:20:00,70.333333333333329
2015-02-10 20:25:00,60.0
2015-02-10 20:30:00,39.0
2015-02-10 20:35:00,58.666666666666664
2015-02-10 20:40:00,59.899999999999999
2015-02-10 20:45:00,56.399999999999999
2015-02-10 20:50:00,56.285714285714285
2015-02-10 20:55:00,57.799999999999997
2015-02-10 21:00:00,57.714285714285715
2015-02-10 21:05:00,61.285714285714285
2015-02-10 21:10:00,45.200000000000003
2015-02-10 21:15:00,40.25
2015-02-10 21:20:00,39.3125
2015-02-10 21:25:00,38.375
2015-02-10 21:30:00,47.857142857142861
2015-02-10 21:35:00,55.333333333333336
2015-02-10 21:40:00,53.0
2015-02-10 21:45:00,63.0
2015-02-10 21:50:00,46.0
2015-02-10 21:55:00,43.0
2015-02-10 22:00:00,52.764705882352942
2015-02-10 22:05:00,50.705882352941174
2015-02-10 22:10:00,48.647058823529413
2015-02-10 22:15:00,45.333333333333336
2015-02-10 22:20:00,47.142857142857139
2015-02-10 22:25:00,52.666666666666664
2015-02-10 22:30:00,46.0
2015-02-10 22:35:00,39.333333333333336
2015-02-10 22:40:00,61.0
2015-02-10 22:45:00,36.0
2015-02-10 22:50:00,38.5
2015-02-10 22:55:00,41.0
2015-02-10 23:00:00,55.0
2015-02-10 23:05:00,98.333333333333329
2015-02-10 23:10:00,56.142857142857146
2015-02-10 23:15:00,44.0
2015-02-10 23:20:00,34.0
2015-02-10 23:25:00,47.363636363636367
2015-02-10 23:30:00,42.81818181818182
2015-02-10 23:35:00,43.571428571428569
2015-02-10 23:40:00,47.857142857142854
2015-02-10 23:45:00,52.142857142857139
2015-02-10 23:50:00,47.666666666666664
2015-02-10 23:55:00,62.666666666666664
2015-02-11 00:00:00,106.0
2015-02-11 00:05:00,54.0
2015-02-11 00:10:00,58.333333333333336
2015-02-11 00:15:00,94.599999999999994
2015-02-11 00:20:00,67.5
2015-02-11 00:25:00,64.111111111111114
2015-02-11 00:30:00,63.0
2015-02-11 00:35:00,76.5
2015-02-11 00:40:00,74.0
2015-02-11 00:45:00,77.200000000000003
2015-02-11 00:50:00,50.0
2015-02-11 00:55:00,47.142857142857146
2015-02-11 01:00:00,54.0
2015-02-11 01:05:00,61.777777777777779
2015-02-11 01:10:00,69.75
2015-02-11 01:15:00,74.599999999999994
2015-02-11 01:20:00,43.428571428571431
2015-02-11 01:25:00,40.571428571428569
2015-02-11 01:30:00,58.0
2015-02-11 01:35:00,53.0
2015-02-11 01:40:00,53.142857142857139
2015-02-11 01:45:00,81.0
2015-02-11 01:50:00,55.0
2015-02-11 01:55:00,56.666666666666664
2015-02-11 02:00:00,67.857142857142861
2015-02-11 02:05:00,81.428571428571431
2015-02-11 02:10:00,95.0
2015-02-11 02:15:00,62.0
2015-02-11 02:20:00,65.0
2015-02-11 02:25:00,70.0
2015-02-11 02:30:00,172.0
2015-02-11 02:35:00,87.142857142857139
2015-02-11 02:40:00,75.0
2015-02-11 02:45:00,62.857142857142861
2015-02-11 02:50:00,50.5
2015-02-11 02:55:00,51.5
2015-02-11 03:00:00,68.125
2015-02-11 03:05:00,73.75
2015-02-11 03:10:00,77.333333333333329
2015-02-11 03:15:00,79.555555555555557
2015-02-11 03:20:00,65.5
2015-02-11 03:25:00,68.0
2015-02-11 03:30:00,65.275862068965523
2015-02-11 03:35:00,79.068965517241381
2015-02-11 03:40:00,92.862068965517238
2015-02-11 03:45:00,106.65517241379311
2015-02-11 03:50:00,120.44827586206897
2015-02-11 03:55:00,134.24137931034483
2015-02-11 04:00:00,60.0
2015-02-11 04:05:00,73.75
2015-02-11 04:10:00,47.5
2015-02-11 04:15:00,41.5
2015-02-11 04:20:00,49.0
2015-02-11 04:25:00,82.666666666666671
2015-02-11 04:30:00,63.200000000000003
2015-02-11 04:35:00,64.0
2015-02-11 04:40:00,71.0
2015-02-11 04:45:00,82.173913043478265
2015-02-11 04:50:00,84.130434782608702
2015-02-11 04:55:00,86.086956521739125
2015-02-11 05:00:00,88.043478260869563
2015-02-11 05:05:00,90.0
2015-02-11 05:10:00,56.428571428571431
2015-02-11 05:15:00,65.0
2015-02-11 05:20:00,88.5
2015-02-11 05:25:00,61.0
2015-02-11 05:30:00,153.88888888888889
2015-02-11 05:35:00,93.333333333333343
2015-02-11 05:40:00,43.0
2015-02-11 05:45:00,80.0
2015-02-11 05:50:00,74.900000000000006
2015-02-11 05:55:00,66.400000000000006
2015-02-11 06:00:00,77.142857142857139
2015-02-11 06:05:00,77.0
2015-02-11 06:10:00,82.714285714285708
2015-02-11 06:15:00,74.285714285714278
2015-02-11 06:20:00,55.0
2015-02-11 06:25:00,85.0
2015-02-11 06:30:00,90.0
2015-02-11 06:35:00,87.0
2015-02-11 06:40:00,92.0
2015-02-11 06:45:00,56.0
2015-02-11 06:50:00,64.0
2015-02-11 06:55:00,69.0
2015-02-11 07:00:00,47.359999999999999
2015-02-11 07:05:00,49.159999999999997
2015-02-11 07:10:00,50.960000000000001
2015-02-11 07:15:00,52.759999999999998
2015-02-11 07:20:00,54.560000000000002
2015-02-11 07:25:00,76.5
2015-02-11 07:30:00,78.0
2015-02-11 07:35:00,108.0
2015-02-11 07:40:00,57.5
2015-02-11 07:45:00,66.25
2015-02-11 07:50:00,79.0
2015-02-11 07:55:00,74.0
2015-02-11 08:00:00,120.90909090909091
2015-02-11 08:05:00,103.18181818181819
2015-02-11 08:10:00,94.0
2015-02-11 08:15:00,95.111111111111114
2015-02-11 08:20:00,81.0
2015-02-11 08:25:00,61.0
2015-02-11 08:30:00,106.0
2015-02-11 08:35:00,120.0
2015-02-11 08:40:00,125.0
2015-02-11 08:45:00,99.0
2015-02-11 08:50:00,106.0
2015-02-11 08:55:00,98.5
2015-02-11 09:00:00,86.0
2015-02-11 09:05:00,86.0
2015-02-11 09:10:00,80.92307692307692
2015-02-11 09:15:00,72.461538461538467
2015-02-11 09:20:00,64.0
2015-02-11 09:25:00,78.799999999999997
2015-02-11 09:30:00,90.200000000000003
2015-02-11 09:35:00,115.5
2015-02-11 09:40:00,85.0
2015-02-11 09:45:00,75.625
2015-02-11 09:50:00,94.0
2015-02-11 09:55:00,117.0
2015-02-11 10:00:00,82.833333333333343
2015-02-11 10:05:00,89.599999999999994
2015-02-11 10:10:00,101.0
2015-02-11 10:15:00,125.44444444444444
2015-02-11 10:20:00,137.85714285714286
2015-02-11 10:25:00,102.14285714285714
2015-02-11 10:30:00,79.0
2015-02-11 10:35:00,80.0
2015-02-11 10:40:00,108.0
2015-02-11 10:45:00,77.166666666666657
2015-02-11 10:50:00,113.0
2015-02-11 10:55:00,103.0
2015-02-11 11:00:00,95.555555555555557
2015-02-11 11:05:00,95.0
2015-02-11 11:10:00,94.444444444444443
2015-02-11 11:15:00,94.0
2015-02-11 11:20:00,92.400000000000006
2015-02-11 11:25:00,85.5
2015-02-11 11:30:00,80.285714285714292
2015-02-11 11:35:00,71.0
2015-02-11 11:40:00,93.0
2015-02-11 11:45:00,92.642857142857139
2015-02-11 11:50:00,95.857142857142861
2015-02-11 11:55:00,99.071428571428569
2015-02-11 12:00:00,137.0
2015-02-11 12:05:00,111.54545454545455
2015-02-11 12:10:00,86.090909090909093
2015-02-11 12:15:00,75.0
2015-02-11 12:20:00,82.200000000000003
2015-02-11 12:25:00,88.200000000000003
2015-02-11 12:30:00,94.200000000000003
2015-02-11 12:35:00,94.5
2015-02-11 12:40:00,72.0
2015-02-11 12:45:00,112.0
2015-02-11 12:50:00,91.0
2015-02-11 12:55:00,89.400000000000006
2015-02-11 13:00:00,90.066666666666663
2015-02-11 13:05:00,90.733333333333334
2015-02-11 13:10:00,89.5
2015-02-11 13:15:00,83.75
2015-02-11 13:20:00,73.125
2015-02-11 13:25:00,62.428571428571431
2015-02-11 13:30:00,79.571428571428569
2015-02-11 13:35:00,137.80000000000001
2015-02-11 13:40:00,97.799999999999997
2015-02-11 13:45:00,76.0
2015-02-11 13:50:00,81.159999999999997
2015-02-11 13:55:00,76.959999999999994
2015-02-11 14:00:00,72.760000000000005
2015-02-11 14:05:00,68.560000000000002
2015-02-11 14:10:00,64.359999999999999
2015-02-11 14:15:00,61.899999999999999
2015-02-11 14:20:00,66.400000000000006
2015-02-11 14:25:00,70.111111111111114
2015-02-11 14:30:00,70.666666666666671
2015-02-11 14:35:00,70.692307692307693
2015-02-11 14:40:00,69.92307692307692
2015-02-11 14:45:00,69.15384615384616
2015-02-11 14:50:00,89.0
2015-02-11 14:55:00,79.0
2015-02-11 15:00:00,71.200000000000003
2015-02-11 15:05:00,63.950000000000003
2015-02-11 15:10:00,56.700000000000003
2015-02-11 15:15:00,49.450000000000003
2015-02-11 15:20:00,87.0
2015-02-11 15:25:00,71.0
2015-02-11 15:30:00,93.36363636363636
2015-02-11 15:35:00,103.81818181818181
2015-02-11 15:40:00,82.333333333333329
2015-02-11 15:45:00,67.400000000000006
2015-02-11 15:50:00,52.900000000000006
2015-02-11 15:55:00,78.0
2015-02-11 16:00:00,89.333333333333329
2015-02-11 16:05:00,55.25
2015-02-11 16:10:00,54.0
2015-02-11 16:15:00,66.090909090909093
2015-02-11 16:20:00,67.454545454545453
2015-02-11 16:25:00,47.333333333333336
2015-02-11 16:30:00,54.200000000000003
2015-02-11 16:35:00,54.533333333333331
2015-02-11 16:40:00,54.866666666666667
2015-02-11 16:45:00,46.600000000000001
2015-02-11 16:50:00,54.0
2015-02-11 16:55:00,56.666666666666664
2015-02-11 17:00:00,52.272727272727273
2015-02-11 17:05:00,52.727272727272727
2015-02-11 17:10:00,53.18181818181818
2015-02-11 17:15:00,53.636363636363633
2015-02-11 17:20:00,52.5
2015-02-11 17:25:00,45.0
2015-02-11 17:30:00,63.75
2015-02-11 17:35:00,65.0
2015-02-11 17:40:00,48.0
2015-02-11 17:45:00,43.0
2015-02-11 17:50:00,64.333333333333329
2015-02-11 17:55:00,36.5
2015-02-11 18:00:00,48.0
2015-02-11 18:05:00,65.5
2015-02-11 18:10:00,63.0
2015-02-11 18:15:00,74.857142857142861
2015-02-11 18:20:00,90.950000000000003
2015-02-11 18:25:00,85.700000000000003
2015-02-11 18:30:00,80.450000000000003
2015-02-11 18:35:00,75.200000000000003
2015-02-11 18:40:00,71.285714285714292
2015-02-11 18:45:00,72.714285714285708
2015-02-11 18:50:00,74.333333333333329
2015-02-11 18:55:00,79.799999999999997
2015-02-11 19:00:00,76.5
2015-02-11 19:05:00,66.0
2015-02-11 19:10:00,61.272727272727273
2015-02-11 19:15:00,64.454545454545453
2015-02-11 19:20:00,62.5
2015-02-11 19:25:00,81.0
2015-02-11 19:30:00,81.0
2015-02-11 19:35:00,80.181818181818187
2015-02-11 19:40:00,78.818181818181813
2015-02-11 19:45:00,72.666666666666671
2015-02-11 19:50:00,68.400000000000006
2015-02-11 19:55:00,66.967741935483872
2015-02-11 20:00:00,65.677419354838705
2015-02-11 20:05:00,64.387096774193552
2015-02-11 20:10:00,63.096774193548384
2015-02-11 20:15:00,61.806451612903224
2015-02-11 20:20:00,60.516129032258064
2015-02-11 20:25:00,63.75
2015-02-11 20:30:00,50.571428571428569
2015-02-11 20:35:00,52.5
2015-02-11 20:40:00,65.0
2015-02-11 20:45:00,60.0
2015-02-11 20:50:00,40.0
2015-02-11 20:55:00,39.25
2015-02-11 21:00:00,44.46153846153846
2015-02-11 21:05:00,50.615384615384613
2015-02-11 21:10:00,56.769230769230774
2015-02-11 21:15:00,46.888888888888886
2015-02-11 21:20:00,33.0
2015-02-11 21:25:00,55.5
2015-02-11 21:30:00,79.666666666666657
2015-02-11 21:35:00,50.0
2015-02-11 21:40:00,41.666666666666664
2015-02-11 21:45:00,52.0
2015-02-11 21:50:00,71.666666666666671
2015-02-11 21:55:00,46.0
2015-02-11 22:00:00,60.913043478260867
2015-02-11 22:05:00,55.695652173913047
2015-02-11 22:10:00,50.478260869565219
2015-02-11 22:15:00,45.260869565217391
2015-02-11 22:20:00,40.043478260869563
2015-02-11 22:25:00,50.666666666666664
2015-02-11 22:30:00,65.25
2015-02-11 22:35:00,64.799999999999997
2015-02-11 22:40:00,61.399999999999999
2015-02-11 22:45:00,92.5
2015-02-11 22:50:00,49.0
2015-02-11 22:55:00,58.0
2015-02-11 23:00:00,47.444444444444443
2015-02-11 23:05:00,46.055555555555557
2015-02-11 23:10:00,44.666666666666664
2015-02-11 23:15:00,43.277777777777779
2015-02-11 23:20:00,45.5
2015-02-11 23:25:00,55.666666666666664
2015-02-11 23:30:00,57.285714285714285
2015-02-11 23:35:00,58.714285714285715
2015-02-11 23:40:00,48.153846153846153
2015-02-11 23:45:00,48.92307692307692
2015-02-11 23:50:00,49.692307692307693
2015-02-11 23:55:00,59.0
2015-02-12 00:00:00,57.846153846153847
2015-02-12 00:05:00,62.46153846153846
2015-02-12 00:10:00,67.07692307692308
2015-02-12 00:15:00,58.285714285714285
2015-02-12 00:20:00,47.0
2015-02-12 00:25:00,50.875
2015-02-12 00:30:00,50.25
2015-02-12 00:35:00,62.0
2015-02-12 00:40:00,70.92307692307692
2015-02-12 00:45:00,77.07692307692308
2015-02-12 00:50:00,83.230769230769226
2015-02-12 00:55:00,89.384615384615387
2015-02-12 01:00:00,95.538461538461547
2015-02-12 01:05:00,81.285714285714278
2015-02-12 01:10:00,63.25
2015-02-12 01:15:00,71.428571428571431
2015-02-12 01:20:00,60.0
2015-02-12 01:25:00,81.666666666666671
2015-02-12 01:30:00,70.36363636363636
2015-02-12 01:35:00,72.63636363636364
2015-02-12 01:40:00,79.599999999999994
2015-02-12 01:45:00,79.200000000000003
2015-02-12 01:50:00,45.0
2015-02-12 01:55:00,55.600000000000001
2015-02-12 02:00:00,46.333333333333336
2015-02-12 02:05:00,63.875
2015-02-12 02:10:00,58.25
2015-02-12 02:15:00,47.0
2015-02-12 02:20:00,49.0
2015-02-12 02:25:00,62.0
2015-02-12 02:30:00,45.0
2015-02-12 02:35:00,47.909090909090907
2015-02-12 02:40:00,55.18181818181818
2015-02-12 02:45:00,81.666666666666671
2015-02-12 02:50:00,44.0
2015-02-12 02:55:00,53.600000000000001
2015-02-12 03:00:00,101.0
2015-02-12 03:05:00,113.5
2015-02-12 03:10:00,126.0
2015-02-12 03:15:00,69.0
2015-02-12 03:20:00,46.0
2015-02-12 03:25:00,29.5
2015-02-12 03:30:00,37.0
2015-02-12 03:35:00,52.333333333333336
2015-02-12 03:40:00,74.333333333333329
2015-02-12 03:45:00,59.0
2015-02-12 03:50:00,61.714285714285715
2015-02-12 03:55:00,75.285714285714278
2015-02-12 04:00:00,62.666666666666664
2015-02-12 04:05:00,48.571428571428569
2015-02-12 04:10:00,86.0
2015-02-12 04:15:00,80.0
2015-02-12 04:20:00,78.615384615384613
2015-02-12 04:25:00,81.307692307692307
2015-02-12 04:30:00,84.0
2015-02-12 04:35:00,94.882352941176464
2015-02-12 04:40:00,105.76470588235294
2015-02-12 04:45:00,116.64705882352941
2015-02-12 04:50:00,72.25
2015-02-12 04:55:00,93.0
2015-02-12 05:00:00,115.74285714285715
2015-02-12 05:05:00,115.31428571428572
2015-02-12 05:10:00,114.88571428571429
2015-02-12 05:15:00,114.45714285714286
2015-02-12 05:20:00,114.02857142857142
2015-02-12 05:25:00,113.59999999999999
2015-02-12 05:30:00,113.17142857142858
2015-02-12 05:35:00,98.0
2015-02-12 05:40:00,73.0
2015-02-12 05:45:00,83.666666666666671
2015-02-12 05:50:00,89.5
2015-02-12 05:55:00,91.0
2015-02-12 06:00:00,106.0
2015-02-12 06:05:00,165.22222222222223
2015-02-12 06:10:00,355.77777777777783
2015-02-12 06:15:00,352.92857142857144
2015-02-12 06:20:00,221.14285714285714
2015-02-12 06:25:00,89.357142857142833
2015-02-12 06:30:00,78.714285714285722
2015-02-12 06:35:00,67.200000000000003
2015-02-12 06:40:00,78.599999999999994
2015-02-12 06:45:00,82.0
2015-02-12 06:50:00,90.200000000000003
2015-02-12 06:55:00,99.125
2015-02-12 07:00:00,99.75
2015-02-12 07:05:00,85.25
2015-02-12 07:10:00,86.5
2015-02-12 07:15:00,87.75
2015-02-12 07:20:00,64.0
2015-02-12 07:25:00,76.666666666666671
2015-02-12 07:30:00,89.0
2015-02-12 07:35:00,69.333333333333329
2015-02-12 07:40:00,77.666666666666671
2015-02-12 07:45:00,86.0
2015-02-12 07:50:00,94.333333333333343
2015-02-12 07:55:00,103.66666666666667
2015-02-12 08:00:00,117.0
2015-02-12 08:05:00,104.66666666666667
2015-02-12 08:10:00,92.333333333333329
2015-02-12 08:15:00,80.0
2015-02-12 08:20:00,77.5
2015-02-12 08:25:00,75.0
2015-02-12 08:30:00,121.59999999999999
2015-02-12 08:35:00,136.0
2015-02-12 08:40:00,116.0
2015-02-12 08:45:00,78.0
2015-02-12 08:50:00,64.0
2015-02-12 08:55:00,56.5
2015-02-12 09:00:00,49.0
2015-02-12 09:05:00,48.0
2015-02-12 09:10:00,47.0
2015-02-12 09:15:00,46.0
2015-02-12 09:20:00,81.769230769230774
2015-02-12 09:25:00,117.53846153846155
2015-02-12 09:30:00,120.5
2015-02-12 09:35:00,95.625
2015-02-12 09:40:00,85.0
2015-02-12 09:45:00,86.764705882352942
2015-02-12 09:50:00,88.529411764705884
2015-02-12 09:55:00,90.294117647058826
2015-02-12 10:00:00,63.0
2015-02-12 10:05:00,74.200000000000003
2015-02-12 10:10:00,86.200000000000003
2015-02-12 10:15:00,61.75
2015-02-12 10:20:00,58.0
2015-02-12 10:25:00,75.799999999999997
2015-02-12 10:30:00,61.0
2015-02-12 10:35:00,50.200000000000003
2015-02-12 10:40:00,56.200000000000003
2015-02-12 10:45:00,99.0
2015-02-12 10:50:00,71.857142857142861
2015-02-12 10:55:00,128.0
2015-02-12 11:00:00,71.0
2015-02-12 11:05:00,75.0
2015-02-12 11:10:00,74.375
2015-02-12 11:15:00,74.571428571428569
2015-02-12 11:20:00,76.0
2015-02-12 11:25:00,63.0
2015-02-12 11:30:00,80.0
2015-02-12 11:35:00,90.333333333333329
2015-02-12 11:40:00,87.75
2015-02-12 11:45:00,82.125
2015-02-12 11:50:00,64.0
2015-02-12 11:55:00,93.0
2015-02-12 12:00:00,89.0
2015-02-12 12:05:00,99.0
2015-02-12 12:10:00,109.0
2015-02-12 12:15:00,103.54545454545455
2015-02-12 12:20:00,98.090909090909093
2015-02-12 12:25:00,96.0
2015-02-12 12:30:00,79.692307692307693
2015-02-12 12:35:00,89.307692307692307
2015-02-12 12:40:00,91.0
2015-02-12 12:45:00,61.0
2015-02-12 12:50:00,62.920000000000002
2015-02-12 12:55:00,67.519999999999996
2015-02-12 13:00:00,72.120000000000005
2015-02-12 13:05:00,76.719999999999999
2015-02-12 13:10:00,81.319999999999993
2015-02-12 13:15:00,84.357142857142861
2015-02-12 13:20:00,81.142857142857139
2015-02-12 13:25:00,77.928571428571431
2015-02-12 13:30:00,72.0
2015-02-12 13:35:00,68.222222222222229
2015-02-12 13:40:00,66.0
2015-02-12 13:45:00,57.0
2015-02-12 13:50:00,61.272727272727273
2015-02-12 13:55:00,70.36363636363636
2015-02-12 14:00:00,59.333333333333336
2015-02-12 14:05:00,60.166666666666664
2015-02-12 14:10:00,61.0
2015-02-12 14:15:00,50.0
2015-02-12 14:20:00,75.625
2015-02-12 14:25:00,61.799999999999997
2015-02-12 14:30:00,46.666666666666664
2015-02-12 14:35:00,55.0
2015-02-12 14:40:00,26.0
2015-02-12 14:45:00,60.399999999999999
2015-02-12 14:50:00,53.799999999999997
2015-02-12 14:55:00,51.399999999999999
2015-02-12 15:00:00,59.0
2015-02-12 15:05:00,52.666666666666664
2015-02-12 15:10:00,41.0
2015-02-12 15:15:00,39.0
2015-02-12 15:20:00,44.625
2015-02-12 15:25:00,51.0
2015-02-12 15:30:00,63.909090909090907
2015-02-12 15:35:00,62.090909090909093
2015-02-12 15:40:00,158.16666666666666
2015-02-12 15:45:00,109.0
2015-02-12 15:50:00,85.0
2015-02-12 15:55:00,87.5
2015-02-12 16:00:00,55.333333333333336
2015-02-12 16:05:00,57.111111111111114
2015-02-12 16:10:00,52.666666666666664
2015-02-12 16:15:00,44.0
2015-02-12 16:20:00,45.0
2015-02-12 16:25:00,63.666666666666671
2015-02-12 16:30:00,61.416666666666664
2015-02-12 16:35:00,63.5
2015-02-12 16:40:00,65.583333333333329
2015-02-12 16:45:00,70.0
2015-02-12 16:50:00,78.666666666666671
2015-02-12 16:55:00,72.0
2015-02-12 17:00:00,85.0
2015-02-12 17:05:00,62.700000000000003
2015-02-12 17:10:00,57.200000000000003
2015-02-12 17:15:00,51.700000000000003
2015-02-12 17:20:00,46.200000000000003
2015-02-12 17:25:00,45.090909090909093
2015-02-12 17:30:00,46.909090909090907
2015-02-12 17:35:00,60.333333333333336
2015-02-12 17:40:00,67.0
2015-02-12 17:45:00,48.875
2015-02-12 17:50:00,38.5
2015-02-12 17:55:00,40.428571428571431
2015-02-12 18:00:00,42.80952380952381
2015-02-12 18:05:00,45.19047619047619
2015-02-12 18:10:00,47.571428571428569
2015-02-12 18:15:00,40.0
2015-02-12 18:20:00,53.75
2015-02-12 18:25:00,60.0
2015-02-12 18:30:00,71.84210526315789
2015-02-12 18:35:00,83.68421052631578
2015-02-12 18:40:00,95.526315789473685
2015-02-12 18:45:00,64.0
2015-02-12 18:50:00,61.285714285714285
2015-02-12 18:55:00,64.666666666666671
2015-02-12 19:00:00,68.0
2015-02-12 19:05:00,55.5
2015-02-12 19:10:00,65.0
2015-02-12 19:15:00,63.0
2015-02-12 19:20:00,87.400000000000006
2015-02-12 19:25:00,78.0
2015-02-12 19:30:00,73.25
2015-02-12 19:35:00,62.200000000000003
2015-02-12 19:40:00,61.333333333333336
2015-02-12 19:45:00,80.599999999999994
2015-02-12 19:50:00,74.333333333333329
2015-02-12 19:55:00,75.0
2015-02-12 20:00:00,37.777777777777779
2015-02-12 20:05:00,37.222222222222221
2015-02-12 20:10:00,39.25
2015-02-12 20:15:00,48.0
2015-02-12 20:20:00,53.0
2015-02-12 20:25:00,61.0
2015-02-12 20:30:00,59.75
2015-02-12 20:35:00,58.0
2015-02-12 20:40:00,66.0
2015-02-12 20:45:00,62.200000000000003
2015-02-12 20:50:00,64.0
2015-02-12 20:55:00,64.0
2015-02-12 21:00:00,78.5
2015-02-12 21:05:00,91.0
2015-02-12 21:10:00,103.5
2015-02-12 21:15:00,63.600000000000001
2015-02-12 21:20:00,53.615384615384613
2015-02-12 21:25:00,54.384615384615387
2015-02-12 21:30:00,59.0
2015-02-12 21:35:00,53.285714285714285
2015-02-12 21:40:00,60.0
2015-02-12 21:45:00,68.111111111111114
2015-02-12 21:50:00,69.5
2015-02-12 21:55:00,70.888888888888886
2015-02-12 22:00:00,72.25
2015-02-12 22:05:00,73.5
2015-02-12 22:10:00,64.454545454545453
2015-02-12 22:15:00,48.545454545454547
2015-02-12 22:20:00,41.0
2015-02-12 22:25:00,66.666666666666671
2015-02-12 22:30:00,69.666666666666671
2015-02-12 22:35:00,98.0
2015-02-12 22:40:00,43.0
2015-02-12 22:45:00,45.5
2015-02-12 22:50:00,55.53846153846154
2015-02-12 22:55:00,59.769230769230766
2015-02-12 23:00:00,64.0
2015-02-12 23:05:00,71.333333333333329
2015-02-12 23:10:00,78.666666666666671
2015-02-12 23:15:00,86.0
2015-02-12 23:20:00,49.666666666666664
2015-02-12 23:25:00,63.0
2015-02-12 23:30:00,59.142857142857146
2015-02-12 23:35:00,62.0
2015-02-12 23:40:00,81.0
2015-02-12 23:45:00,49.0
2015-02-12 23:50:00,45.666666666666664
2015-02-12 23:55:00,44.0
2015-02-13 00:00:00,43.399999999999999
2015-02-13 00:05:00,45.399999999999999
2015-02-13 00:10:00,57.0
2015-02-13 00:15:00,56.25
2015-02-13 00:20:00,56.0
2015-02-13 00:25:00,41.833333333333329
2015-02-13 00:30:00,45.666666666666664
2015-02-13 00:35:00,44.0
2015-02-13 00:40:00,45.0
2015-02-13 00:45:00,40.0
2015-02-13 00:50:00,37.0
2015-02-13 00:55:00,34.5
2015-02-13 01:00:00,31.600000000000001
2015-02-13 01:05:00,45.599999999999994
2015-02-13 01:10:00,47.200000000000003
2015-02-13 01:15:00,46.75
2015-02-13 01:20:00,71.125
2015-02-13 01:25:00,57.0
2015-02-13 01:30:00,68.0
2015-02-13 01:35:00,83.285714285714292
2015-02-13 01:40:00,44.0
2015-02-13 01:45:00,42.0
2015-02-13 01:50:00,49.0
2015-02-13 01:55:00,36.5
2015-02-13 02:00:00,34.333333333333336
2015-02-13 02:05:00,39.285714285714285
2015-02-13 02:10:00,43.666666666666664
2015-02-13 02:15:00,42.0
2015-02-13 02:20:00,37.5
2015-02-13 02:25:00,42.0
2015-02-13 02:30:00,27.0
2015-02-13 02:35:00,33.111111111111114
2015-02-13 02:40:00,40.0
2015-02-13 02:45:00,50.0
2015-02-13 02:50:00,36.18181818181818
2015-02-13 02:55:00,42.090909090909093
2015-02-13 03:00:00,48.0
2015-02-13 03:05:00,66.0
2015-02-13 03:10:00,68.142857142857139
2015-02-13 03:15:00,62.625
2015-02-13 03:20:00,52.0
2015-02-13 03:25:00,64.0
2015-02-13 03:30:00,67.200000000000003
2015-02-13 03:35:00,41.0
2015-02-13 03:40:00,67.111111111111114
2015-02-13 03:45:00,69.0
